進場方案,進場代碼,出場方案,出場代碼,年度,樣本數,平均淨報酬%,中位淨報酬%,勝率%,中位最大回撤%
右側65＋市場改善｜一次買,single_right65,分層獲利管理＋結構風險,tiered,2023,3497,1.09,-0.768,38.72,-2.659
右側65＋市場改善｜一次買,single_right65,分層獲利管理＋結構風險,tiered,2024,2146,0.059,-1.394,31.69,-2.901
右側65＋市場改善｜一次買,single_right65,分層獲利管理＋結構風險,tiered,2025,1123,-0.427,-1.699,30.45,-3.187
右側65＋市場改善｜一次買,single_right65,分層獲利管理＋結構風險,tiered,2026,698,1.399,-1.633,31.81,-3.036
右側65＋市場改善｜一次買,single_right65,動態70/90＋結構風險,dynamic70_90,2023,3497,0.907,-0.75,39.38,-1.837
右側65＋市場改善｜一次買,single_right65,動態70/90＋結構風險,dynamic70_90,2024,2146,-0.007,-1.335,32.99,-1.744
右側65＋市場改善｜一次買,single_right65,動態70/90＋結構風險,dynamic70_90,2025,1123,-0.497,-1.617,31.52,-2.342
右側65＋市場改善｜一次買,single_right65,動態70/90＋結構風險,dynamic70_90,2026,698,0.025,-1.552,32.23,-1.544
右側65＋市場改善｜一次買,single_right65,動態80/90＋結構風險,dynamic80_90,2023,3497,0.987,-0.78,38.66,-2.072
右側65＋市場改善｜一次買,single_right65,動態80/90＋結構風險,dynamic80_90,2024,2146,0.061,-1.396,32.25,-1.92
右側65＋市場改善｜一次買,single_right65,動態80/90＋結構風險,dynamic80_90,2025,1123,-0.469,-1.693,31.08,-2.612
右側65＋市場改善｜一次買,single_right65,動態80/90＋結構風險,dynamic80_90,2026,698,0.087,-1.689,30.66,-1.88
右側65＋市場改善｜一次買,single_right65,只做結構風險退出,protective,2023,3497,1.66,-0.964,35.09,-3.386
右側65＋市場改善｜一次買,single_right65,只做結構風險退出,protective,2024,2146,0.245,-1.864,25.86,-3.683
右側65＋市場改善｜一次買,single_right65,只做結構風險退出,protective,2025,1123,-0.324,-2.042,25.29,-4.022
右側65＋市場改善｜一次買,single_right65,只做結構風險退出,protective,2026,698,4.236,-2.001,26.07,-3.825
右側65＋市場改善｜一次買,single_right65,固定60日（不做結構風險）,hold60,2023,3497,6.814,1.843,56.56,-11.617
右側65＋市場改善｜一次買,single_right65,固定60日（不做結構風險）,hold60,2024,2146,1.858,-3.615,39.66,-17.648
右側65＋市場改善｜一次買,single_right65,固定60日（不做結構風險）,hold60,2025,1123,-3.651,-6.34,30.37,-19.167
右側65＋市場改善｜一次買,single_right65,固定60日（不做結構風險）,hold60,2026,698,16.311,1.914,52.44,-18.311
右側65＋市場改善｜一次買,single_right65,過熱70後RS回落5＋結構風險,hot70_rs5,2023,3497,1.4,-0.907,36.46,-3.083
右側65＋市場改善｜一次買,single_right65,過熱70後RS回落5＋結構風險,hot70_rs5,2024,2146,0.187,-1.713,27.45,-3.384
右側65＋市場改善｜一次買,single_right65,過熱70後RS回落5＋結構風險,hot70_rs5,2025,1123,-0.3,-1.895,27.69,-3.72
右側65＋市場改善｜一次買,single_right65,過熱70後RS回落5＋結構風險,hot70_rs5,2026,698,3.738,-1.784,29.8,-3.532
右側65＋市場改善｜一次買,single_right65,過熱70＋結構風險,heat70,2023,3497,0.842,-0.706,39.89,-1.733
右側65＋市場改善｜一次買,single_right65,過熱70＋結構風險,heat70,2024,2146,-0.024,-1.26,33.88,-1.604
右側65＋市場改善｜一次買,single_right65,過熱70＋結構風險,heat70,2025,1123,-0.522,-1.564,32.59,-2.205
右側65＋市場改善｜一次買,single_right65,過熱70＋結構風險,heat70,2026,698,0.071,-1.411,34.1,-1.119
右側65＋市場改善｜一次買,single_right65,過熱80＋結構風險,heat80,2023,3497,0.945,-0.76,38.95,-1.971
右側65＋市場改善｜一次買,single_right65,過熱80＋結構風險,heat80,2024,2146,0.063,-1.36,32.76,-1.831
右側65＋市場改善｜一次買,single_right65,過熱80＋結構風險,heat80,2025,1123,-0.485,-1.641,31.88,-2.401
右側65＋市場改善｜一次買,single_right65,過熱80＋結構風險,heat80,2026,698,0.066,-1.565,31.52,-1.817
正式鴨嘴新進＋市場改善｜一次買,single_duck,分層獲利管理＋結構風險,tiered,2023,3128,0.926,-0.754,38.2,-2.554
正式鴨嘴新進＋市場改善｜一次買,single_duck,分層獲利管理＋結構風險,tiered,2024,1842,-0.013,-1.36,31.43,-2.773
正式鴨嘴新進＋市場改善｜一次買,single_duck,分層獲利管理＋結構風險,tiered,2025,854,-0.587,-1.726,28.69,-3.081
正式鴨嘴新進＋市場改善｜一次買,single_duck,分層獲利管理＋結構風險,tiered,2026,584,0.778,-1.783,30.31,-2.835
正式鴨嘴新進＋市場改善｜一次買,single_duck,動態70/90＋結構風險,dynamic70_90,2023,3128,0.837,-0.728,39.19,-1.781
正式鴨嘴新進＋市場改善｜一次買,single_duck,動態70/90＋結構風險,dynamic70_90,2024,1842,-0.061,-1.316,33.01,-1.625
正式鴨嘴新進＋市場改善｜一次買,single_duck,動態70/90＋結構風險,dynamic70_90,2025,854,-0.689,-1.702,29.74,-2.36
正式鴨嘴新進＋市場改善｜一次買,single_duck,動態70/90＋結構風險,dynamic70_90,2026,584,-0.02,-1.591,30.99,-1.465
正式鴨嘴新進＋市場改善｜一次買,single_duck,動態80/90＋結構風險,dynamic80_90,2023,3128,0.914,-0.755,38.43,-1.974
正式鴨嘴新進＋市場改善｜一次買,single_duck,動態80/90＋結構風險,dynamic80_90,2024,1842,0.017,-1.382,32.08,-1.836
正式鴨嘴新進＋市場改善｜一次買,single_duck,動態80/90＋結構風險,dynamic80_90,2025,854,-0.689,-1.726,29.27,-2.537
正式鴨嘴新進＋市場改善｜一次買,single_duck,動態80/90＋結構風險,dynamic80_90,2026,584,0.049,-1.784,29.45,-1.861
正式鴨嘴新進＋市場改善｜一次買,single_duck,只做結構風險退出,protective,2023,3128,1.357,-0.936,34.94,-3.277
正式鴨嘴新進＋市場改善｜一次買,single_duck,只做結構風險退出,protective,2024,1842,0.055,-1.828,25.3,-3.533
正式鴨嘴新進＋市場改善｜一次買,single_duck,只做結構風險退出,protective,2025,854,-0.3,-2.015,24.47,-3.857
正式鴨嘴新進＋市場改善｜一次買,single_duck,只做結構風險退出,protective,2026,584,2.09,-2.065,24.83,-3.715
正式鴨嘴新進＋市場改善｜一次買,single_duck,固定60日（不做結構風險）,hold60,2023,3128,6.667,1.847,56.97,-11.303
正式鴨嘴新進＋市場改善｜一次買,single_duck,固定60日（不做結構風險）,hold60,2024,1842,1.92,-3.292,39.9,-16.884
正式鴨嘴新進＋市場改善｜一次買,single_duck,固定60日（不做結構風險）,hold60,2025,854,-4.067,-6.283,29.16,-19.704
正式鴨嘴新進＋市場改善｜一次買,single_duck,固定60日（不做結構風險）,hold60,2026,584,11.196,-0.984,48.12,-17.419
正式鴨嘴新進＋市場改善｜一次買,single_duck,過熱70後RS回落5＋結構風險,hot70_rs5,2023,3128,1.098,-0.884,36.09,-3.003
正式鴨嘴新進＋市場改善｜一次買,single_duck,過熱70後RS回落5＋結構風險,hot70_rs5,2024,1842,0.093,-1.677,27.36,-3.195
正式鴨嘴新進＋市場改善｜一次買,single_duck,過熱70後RS回落5＋結構風險,hot70_rs5,2025,854,-0.377,-1.904,26.46,-3.489
正式鴨嘴新進＋市場改善｜一次買,single_duck,過熱70後RS回落5＋結構風險,hot70_rs5,2026,584,2.007,-1.879,28.42,-3.361
正式鴨嘴新進＋市場改善｜一次買,single_duck,過熱70＋結構風險,heat70,2023,3128,0.797,-0.635,39.55,-1.707
正式鴨嘴新進＋市場改善｜一次買,single_duck,過熱70＋結構風險,heat70,2024,1842,-0.086,-1.268,33.44,-1.566
正式鴨嘴新進＋市場改善｜一次買,single_duck,過熱70＋結構風險,heat70,2025,854,-0.645,-1.628,30.56,-2.308
正式鴨嘴新進＋市場改善｜一次買,single_duck,過熱70＋結構風險,heat70,2026,584,-0.098,-1.565,31.51,-1.418
正式鴨嘴新進＋市場改善｜一次買,single_duck,過熱80＋結構風險,heat80,2023,3128,0.87,-0.744,38.71,-1.91
正式鴨嘴新進＋市場改善｜一次買,single_duck,過熱80＋結構風險,heat80,2024,1842,-0.018,-1.352,32.52,-1.76
正式鴨嘴新進＋市場改善｜一次買,single_duck,過熱80＋結構風險,heat80,2025,854,-0.652,-1.689,30.09,-2.426
正式鴨嘴新進＋市場改善｜一次買,single_duck,過熱80＋結構風險,heat80,2026,584,0.031,-1.707,29.97,-1.719
預備80試33%→右側65加33%→正式鴨嘴加34%,stage_33_33_34,分層獲利管理＋結構風險,tiered,2023,1502,1.656,-0.872,39.01,-3.088
預備80試33%→右側65加33%→正式鴨嘴加34%,stage_33_33_34,分層獲利管理＋結構風險,tiered,2024,1136,0.015,-1.41,32.66,-3.371
預備80試33%→右側65加33%→正式鴨嘴加34%,stage_33_33_34,分層獲利管理＋結構風險,tiered,2025,667,-0.156,-1.384,28.94,-2.908
預備80試33%→右側65加33%→正式鴨嘴加34%,stage_33_33_34,分層獲利管理＋結構風險,tiered,2026,451,1.604,-1.425,34.59,-3.56
預備80試33%→右側65加33%→正式鴨嘴加34%,stage_33_33_34,動態70/90＋結構風險,dynamic70_90,2023,1502,1.185,-0.786,39.88,-2.082
預備80試33%→右側65加33%→正式鴨嘴加34%,stage_33_33_34,動態70/90＋結構風險,dynamic70_90,2024,1136,-0.009,-1.337,34.33,-2.052
預備80試33%→右側65加33%→正式鴨嘴加34%,stage_33_33_34,動態70/90＋結構風險,dynamic70_90,2025,667,-0.312,-1.372,30.13,-2.106
預備80試33%→右側65加33%→正式鴨嘴加34%,stage_33_33_34,動態70/90＋結構風險,dynamic70_90,2026,451,0.275,-1.284,36.59,-1.69
預備80試33%→右側65加33%→正式鴨嘴加34%,stage_33_33_34,動態80/90＋結構風險,dynamic80_90,2023,1502,1.228,-0.872,39.21,-2.304
預備80試33%→右側65加33%→正式鴨嘴加34%,stage_33_33_34,動態80/90＋結構風險,dynamic80_90,2024,1136,0.018,-1.394,33.54,-2.149
預備80試33%→右側65加33%→正式鴨嘴加34%,stage_33_33_34,動態80/90＋結構風險,dynamic80_90,2025,667,-0.284,-1.384,29.84,-2.291
預備80試33%→右側65加33%→正式鴨嘴加34%,stage_33_33_34,動態80/90＋結構風險,dynamic80_90,2026,451,0.312,-1.353,35.48,-1.96
預備80試33%→右側65加33%→正式鴨嘴加34%,stage_33_33_34,只做結構風險退出,protective,2023,1502,2.634,-1.303,30.96,-5.312
預備80試33%→右側65加33%→正式鴨嘴加34%,stage_33_33_34,只做結構風險退出,protective,2024,1136,0.033,-2.112,22.62,-5.146
預備80試33%→右側65加33%→正式鴨嘴加34%,stage_33_33_34,只做結構風險退出,protective,2025,667,-0.221,-1.765,21.44,-3.929
預備80試33%→右側65加33%→正式鴨嘴加34%,stage_33_33_34,只做結構風險退出,protective,2026,451,5.501,-2.067,25.94,-5.768
預備80試33%→右側65加33%→正式鴨嘴加34%,stage_33_33_34,固定60日（不做結構風險）,hold60,2023,1502,8.35,1.804,55.73,-13.338
預備80試33%→右側65加33%→正式鴨嘴加34%,stage_33_33_34,固定60日（不做結構風險）,hold60,2024,1136,1.314,-4.843,35.65,-18.273
預備80試33%→右側65加33%→正式鴨嘴加34%,stage_33_33_34,固定60日（不做結構風險）,hold60,2025,667,-2.909,-5.166,30.13,-16.952
預備80試33%→右側65加33%→正式鴨嘴加34%,stage_33_33_34,固定60日（不做結構風險）,hold60,2026,451,16.459,0.742,51.66,-20.61
預備80試33%→右側65加33%→正式鴨嘴加34%,stage_33_33_34,過熱70後RS回落5＋結構風險,hot70_rs5,2023,1502,2.51,-1.179,33.09,-4.498
預備80試33%→右側65加33%→正式鴨嘴加34%,stage_33_33_34,過熱70後RS回落5＋結構風險,hot70_rs5,2024,1136,0.057,-1.927,25.35,-4.584
預備80試33%→右側65加33%→正式鴨嘴加34%,stage_33_33_34,過熱70後RS回落5＋結構風險,hot70_rs5,2025,667,0.035,-1.727,23.69,-3.674
預備80試33%→右側65加33%→正式鴨嘴加34%,stage_33_33_34,過熱70後RS回落5＋結構風險,hot70_rs5,2026,451,4.181,-1.914,27.72,-5.311
預備80試33%→右側65加33%→正式鴨嘴加34%,stage_33_33_34,過熱70＋結構風險,heat70,2023,1502,1.081,-0.67,41.41,-1.826
預備80試33%→右側65加33%→正式鴨嘴加34%,stage_33_33_34,過熱70＋結構風險,heat70,2024,1136,-0.06,-1.208,36.0,-1.777
預備80試33%→右側65加33%→正式鴨嘴加34%,stage_33_33_34,過熱70＋結構風險,heat70,2025,667,-0.35,-1.26,32.38,-1.833
預備80試33%→右側65加33%→正式鴨嘴加34%,stage_33_33_34,過熱70＋結構風險,heat70,2026,451,0.222,-1.102,39.47,-1.139
預備80試33%→右側65加33%→正式鴨嘴加34%,stage_33_33_34,過熱80＋結構風險,heat80,2023,1502,1.17,-0.774,40.28,-1.987
預備80試33%→右側65加33%→正式鴨嘴加34%,stage_33_33_34,過熱80＋結構風險,heat80,2024,1136,-0.008,-1.318,34.33,-1.991
預備80試33%→右側65加33%→正式鴨嘴加34%,stage_33_33_34,過熱80＋結構風險,heat80,2025,667,-0.309,-1.324,31.48,-2.061
預備80試33%→右側65加33%→正式鴨嘴加34%,stage_33_33_34,過熱80＋結構風險,heat80,2026,451,0.239,-1.309,36.59,-1.69
預備80試單50%→右側65加滿,stage_50_50,分層獲利管理＋結構風險,tiered,2023,1502,2.029,-0.899,40.81,-3.824
預備80試單50%→右側65加滿,stage_50_50,分層獲利管理＋結構風險,tiered,2024,1136,0.013,-1.743,33.89,-4.332
預備80試單50%→右側65加滿,stage_50_50,分層獲利管理＋結構風險,tiered,2025,667,-0.156,-1.699,30.73,-3.534
預備80試單50%→右側65加滿,stage_50_50,分層獲利管理＋結構風險,tiered,2026,451,2.0,-1.875,34.81,-4.481
預備80試單50%→右側65加滿,stage_50_50,動態70/90＋結構風險,dynamic70_90,2023,1502,1.42,-0.871,41.68,-2.625
預備80試單50%→右側65加滿,stage_50_50,動態70/90＋結構風險,dynamic70_90,2024,1136,-0.028,-1.597,35.3,-2.704
預備80試單50%→右側65加滿,stage_50_50,動態70/90＋結構風險,dynamic70_90,2025,667,-0.351,-1.648,32.23,-2.532
預備80試單50%→右側65加滿,stage_50_50,動態70/90＋結構風險,dynamic70_90,2026,451,0.399,-1.691,36.81,-2.249
預備80試單50%→右側65加滿,stage_50_50,動態80/90＋結構風險,dynamic80_90,2023,1502,1.47,-0.9,41.08,-2.76
預備80試單50%→右側65加滿,stage_50_50,動態80/90＋結構風險,dynamic80_90,2024,1136,0.002,-1.729,34.51,-2.907
預備80試單50%→右側65加滿,stage_50_50,動態80/90＋結構風險,dynamic80_90,2025,667,-0.293,-1.679,32.08,-2.738
預備80試單50%→右側65加滿,stage_50_50,動態80/90＋結構風險,dynamic80_90,2026,451,0.441,-1.775,35.7,-2.385
預備80試單50%→右側65加滿,stage_50_50,只做結構風險退出,protective,2023,1502,3.104,-1.331,34.95,-5.804
預備80試單50%→右側65加滿,stage_50_50,只做結構風險退出,protective,2024,1136,0.075,-2.467,25.35,-6.229
預備80試單50%→右側65加滿,stage_50_50,只做結構風險退出,protective,2025,667,-0.13,-2.156,24.59,-4.614
預備80試單50%→右側65加滿,stage_50_50,只做結構風險退出,protective,2026,451,6.128,-2.343,27.27,-6.656
預備80試單50%→右側65加滿,stage_50_50,固定60日（不做結構風險）,hold60,2023,1502,9.279,2.751,57.52,-14.195
預備80試單50%→右側65加滿,stage_50_50,固定60日（不做結構風險）,hold60,2024,1136,1.552,-4.786,37.5,-19.955
預備80試單50%→右側65加滿,stage_50_50,固定60日（不做結構風險）,hold60,2025,667,-2.942,-5.041,31.78,-17.878
預備80試單50%→右側65加滿,stage_50_50,固定60日（不做結構風險）,hold60,2026,451,17.872,2.458,53.22,-21.794
預備80試單50%→右側65加滿,stage_50_50,過熱70後RS回落5＋結構風險,hot70_rs5,2023,1502,2.97,-1.237,36.15,-4.974
預備80試單50%→右側65加滿,stage_50_50,過熱70後RS回落5＋結構風險,hot70_rs5,2024,1136,0.089,-2.258,27.64,-5.505
預備80試單50%→右側65加滿,stage_50_50,過熱70後RS回落5＋結構風險,hot70_rs5,2025,667,0.116,-2.079,26.54,-4.281
預備80試單50%→右側65加滿,stage_50_50,過熱70後RS回落5＋結構風險,hot70_rs5,2026,451,4.84,-2.212,29.27,-5.991
預備80試單50%→右側65加滿,stage_50_50,過熱70＋結構風險,heat70,2023,1502,1.269,-0.785,42.94,-2.318
預備80試單50%→右側65加滿,stage_50_50,過熱70＋結構風險,heat70,2024,1136,-0.095,-1.412,36.88,-2.295
預備80試單50%→右側65加滿,stage_50_50,過熱70＋結構風險,heat70,2025,667,-0.411,-1.539,34.18,-2.329
預備80試單50%→右側65加滿,stage_50_50,過熱70＋結構風險,heat70,2026,451,0.36,-1.286,39.47,-1.584
預備80試單50%→右側65加滿,stage_50_50,過熱80＋結構風險,heat80,2023,1502,1.389,-0.865,41.88,-2.564
預備80試單50%→右側65加滿,stage_50_50,過熱80＋結構風險,heat80,2024,1136,-0.022,-1.58,35.21,-2.607
預備80試單50%→右側65加滿,stage_50_50,過熱80＋結構風險,heat80,2025,667,-0.336,-1.626,33.43,-2.48
預備80試單50%→右側65加滿,stage_50_50,過熱80＋結構風險,heat80,2026,451,0.374,-1.715,36.59,-2.249
預備80＋RS70＋市場改善｜一次買,single_pre80,分層獲利管理＋結構風險,tiered,2023,1502,2.192,-1.017,41.08,-4.219
預備80＋RS70＋市場改善｜一次買,single_pre80,分層獲利管理＋結構風險,tiered,2024,1136,0.03,-2.187,34.33,-4.998
預備80＋RS70＋市場改善｜一次買,single_pre80,分層獲利管理＋結構風險,tiered,2025,667,-0.213,-2.071,31.18,-4.001
預備80＋RS70＋市場改善｜一次買,single_pre80,分層獲利管理＋結構風險,tiered,2026,451,2.115,-2.222,34.81,-5.373
預備80＋RS70＋市場改善｜一次買,single_pre80,動態70/90＋結構風險,dynamic70_90,2023,1502,1.568,-0.964,41.88,-3.019
預備80＋RS70＋市場改善｜一次買,single_pre80,動態70/90＋結構風險,dynamic70_90,2024,1136,-0.01,-2.021,35.65,-3.236
預備80＋RS70＋市場改善｜一次買,single_pre80,動態70/90＋結構風險,dynamic70_90,2025,667,-0.399,-2.01,32.68,-3.168
預備80＋RS70＋市場改善｜一次買,single_pre80,動態70/90＋結構風險,dynamic70_90,2026,451,0.461,-1.933,36.81,-2.801
預備80＋RS70＋市場改善｜一次買,single_pre80,動態80/90＋結構風險,dynamic80_90,2023,1502,1.618,-1.016,41.34,-3.186
預備80＋RS70＋市場改善｜一次買,single_pre80,動態80/90＋結構風險,dynamic80_90,2024,1136,0.033,-2.106,34.95,-3.485
預備80＋RS70＋市場改善｜一次買,single_pre80,動態80/90＋結構風險,dynamic80_90,2025,667,-0.349,-2.057,32.53,-3.327
預備80＋RS70＋市場改善｜一次買,single_pre80,動態80/90＋結構風險,dynamic80_90,2026,451,0.501,-2.068,35.7,-3.139
預備80＋RS70＋市場改善｜一次買,single_pre80,只做結構風險退出,protective,2023,1502,3.279,-1.555,35.62,-6.204
預備80＋RS70＋市場改善｜一次買,single_pre80,只做結構風險退出,protective,2024,1136,0.028,-2.918,26.5,-6.898
預備80＋RS70＋市場改善｜一次買,single_pre80,只做結構風險退出,protective,2025,667,-0.194,-2.416,24.89,-5.137
預備80＋RS70＋市場改善｜一次買,single_pre80,只做結構風險退出,protective,2026,451,6.383,-2.998,27.72,-8.175
預備80＋RS70＋市場改善｜一次買,single_pre80,固定60日（不做結構風險）,hold60,2023,1502,9.733,3.48,58.46,-15.072
預備80＋RS70＋市場改善｜一次買,single_pre80,固定60日（不做結構風險）,hold60,2024,1136,1.723,-5.052,38.38,-21.41
預備80＋RS70＋市場改善｜一次買,single_pre80,固定60日（不做結構風險）,hold60,2025,667,-3.042,-5.647,32.38,-18.857
預備80＋RS70＋市場改善｜一次買,single_pre80,固定60日（不做結構風險）,hold60,2026,451,19.679,3.438,54.55,-22.629
預備80＋RS70＋市場改善｜一次買,single_pre80,過熱70後RS回落5＋結構風險,hot70_rs5,2023,1502,3.14,-1.432,36.88,-5.604
預備80＋RS70＋市場改善｜一次買,single_pre80,過熱70後RS回落5＋結構風險,hot70_rs5,2024,1136,0.073,-2.704,28.35,-6.373
預備80＋RS70＋市場改善｜一次買,single_pre80,過熱70後RS回落5＋結構風險,hot70_rs5,2025,667,0.047,-2.345,26.99,-4.834
預備80＋RS70＋市場改善｜一次買,single_pre80,過熱70後RS回落5＋結構風險,hot70_rs5,2026,451,4.97,-2.545,29.93,-7.719
預備80＋RS70＋市場改善｜一次買,single_pre80,過熱70＋結構風險,heat70,2023,1502,1.423,-0.9,43.08,-2.704
預備80＋RS70＋市場改善｜一次買,single_pre80,過熱70＋結構風險,heat70,2024,1136,-0.09,-1.823,37.24,-2.868
預備80＋RS70＋市場改善｜一次買,single_pre80,過熱70＋結構風險,heat70,2025,667,-0.465,-1.792,34.63,-2.76
預備80＋RS70＋市場改善｜一次買,single_pre80,過熱70＋結構風險,heat70,2026,451,0.421,-1.691,39.47,-2.069
預備80＋RS70＋市場改善｜一次買,single_pre80,過熱80＋結構風險,heat80,2023,1502,1.54,-0.955,42.08,-2.897
預備80＋RS70＋市場改善｜一次買,single_pre80,過熱80＋結構風險,heat80,2024,1136,0.0,-2.001,35.65,-3.167
預備80＋RS70＋市場改善｜一次買,single_pre80,過熱80＋結構風險,heat80,2025,667,-0.387,-1.977,33.88,-3.083
預備80＋RS70＋市場改善｜一次買,single_pre80,過熱80＋結構風險,heat80,2026,451,0.429,-1.984,36.59,-2.778
