進場情境,進場代碼,獲利模式,獲利代碼,失敗規則,失敗代碼,年度,樣本數,平均淨報酬%,中位淨報酬%,勝率%,10分位淨報酬%,中位最大回撤%
右側65＋市場改善,right65_market,一般70／領頭90,profit70_90,右側自高點回落10分,right_drop10,2023,3497,0.491,-0.585,39.95,-4.37,-1.456
右側65＋市場改善,right65_market,一般70／領頭90,profit70_90,右側自高點回落10分,right_drop10,2024,2146,-0.16,-1.268,33.97,-5.606,-1.602
右側65＋市場改善,right65_market,一般70／領頭90,profit70_90,右側自高點回落10分,right_drop10,2025,1123,-0.443,-1.201,33.93,-5.682,-1.699
右側65＋市場改善,right65_market,一般70／領頭90,profit70_90,右側自高點回落10分,right_drop10,2026,698,-0.187,-1.416,33.81,-6.346,-1.663
右側65＋市場改善,right65_market,一般70／領頭90,profit70_90,右側自高點回落15分,right_drop15,2023,3497,0.639,-0.585,41.35,-4.578,-1.675
右側65＋市場改善,right65_market,一般70／領頭90,profit70_90,右側自高點回落15分,right_drop15,2024,2146,-0.213,-1.239,35.04,-6.457,-1.875
右側65＋市場改善,right65_market,一般70／領頭90,profit70_90,右側自高點回落15分,right_drop15,2025,1123,-0.329,-1.232,35.17,-6.003,-1.932
右側65＋市場改善,right65_market,一般70／領頭90,profit70_90,右側自高點回落15分,right_drop15,2026,698,-0.053,-1.392,34.38,-6.579,-2.011
右側65＋市場改善,right65_market,一般70／領頭90,profit70_90,右側自高點回落20分,right_drop20,2023,3497,0.705,-0.585,41.98,-4.902,-1.828
右側65＋市場改善,right65_market,一般70／領頭90,profit70_90,右側自高點回落20分,right_drop20,2024,2146,-0.175,-1.237,36.07,-6.706,-2.122
右側65＋市場改善,right65_market,一般70／領頭90,profit70_90,右側自高點回落20分,right_drop20,2025,1123,-0.447,-1.331,35.35,-6.64,-2.253
右側65＋市場改善,right65_market,一般70／領頭90,profit70_90,右側自高點回落20分,right_drop20,2026,698,0.027,-1.487,34.38,-6.774,-2.092
右側65＋市場改善,right65_market,一般70／領頭90,profit70_90,寬限10日→MA20或右側確認,grace10_combo,2023,3497,1.545,0.077,50.64,-5.777,-3.07
右側65＋市場改善,right65_market,一般70／領頭90,profit70_90,寬限10日→MA20或右側確認,grace10_combo,2024,2146,0.212,-1.078,42.17,-8.839,-3.734
右側65＋市場改善,right65_market,一般70／領頭90,profit70_90,寬限10日→MA20或右側確認,grace10_combo,2025,1123,-0.145,-1.079,40.69,-8.655,-3.817
右側65＋市場改善,right65_market,一般70／領頭90,profit70_90,寬限10日→MA20或右側確認,grace10_combo,2026,698,0.017,-1.742,39.26,-9.457,-4.178
右側65＋市場改善,right65_market,一般70／領頭90,profit70_90,寬限10日→右側回落15分,grace10_right15,2023,3497,1.543,0.1,50.84,-5.788,-3.084
右側65＋市場改善,right65_market,一般70／領頭90,profit70_90,寬限10日→右側回落15分,grace10_right15,2024,2146,0.209,-1.056,42.36,-9.1,-3.745
右側65＋市場改善,right65_market,一般70／領頭90,profit70_90,寬限10日→右側回落15分,grace10_right15,2025,1123,-0.156,-1.108,40.69,-8.674,-3.838
右側65＋市場改善,right65_market,一般70／領頭90,profit70_90,寬限10日→右側回落15分,grace10_right15,2026,698,0.114,-1.651,39.83,-9.507,-4.21
右側65＋市場改善,right65_market,一般70／領頭90,profit70_90,寬限10日→連2日跌破MA20,grace10_ma20_2,2023,3497,1.857,-0.414,47.38,-6.368,-3.643
右側65＋市場改善,right65_market,一般70／領頭90,profit70_90,寬限10日→連2日跌破MA20,grace10_ma20_2,2024,2146,0.226,-1.697,39.24,-9.324,-4.409
右側65＋市場改善,right65_market,一般70／領頭90,profit70_90,寬限10日→連2日跌破MA20,grace10_ma20_2,2025,1123,-0.342,-1.885,37.67,-9.292,-4.528
右側65＋市場改善,right65_market,一般70／領頭90,profit70_90,寬限10日→連2日跌破MA20,grace10_ma20_2,2026,698,0.329,-1.94,39.11,-9.713,-4.664
右側65＋市場改善,right65_market,一般70／領頭90,profit70_90,寬限5日→連2日跌破MA20,grace5_ma20_2,2023,3497,1.348,-0.842,43.09,-6.299,-3.292
右側65＋市場改善,right65_market,一般70／領頭90,profit70_90,寬限5日→連2日跌破MA20,grace5_ma20_2,2024,2146,0.183,-1.899,35.97,-7.817,-3.704
右側65＋市場改善,right65_market,一般70／領頭90,profit70_90,寬限5日→連2日跌破MA20,grace5_ma20_2,2025,1123,-0.397,-2.067,34.28,-7.587,-3.884
右側65＋市場改善,right65_market,一般70／領頭90,profit70_90,寬限5日→連2日跌破MA20,grace5_ma20_2,2026,698,0.142,-2.208,34.96,-8.981,-3.995
右側65＋市場改善,right65_market,一般70／領頭90,profit70_90,收盤跌幅達-3%,hard3,2023,3497,1.957,-2.82,43.95,-5.563,-3.817
右側65＋市場改善,right65_market,一般70／領頭90,profit70_90,收盤跌幅達-3%,hard3,2024,2146,-0.001,-3.669,30.75,-6.141,-3.44
右側65＋市場改善,right65_market,一般70／領頭90,profit70_90,收盤跌幅達-3%,hard3,2025,1123,-0.989,-3.79,26.98,-6.788,-3.893
右側65＋市場改善,right65_market,一般70／領頭90,profit70_90,收盤跌幅達-3%,hard3,2026,698,0.174,-3.465,30.23,-6.205,-3.245
右側65＋市場改善,right65_market,一般70／領頭90,profit70_90,收盤跌幅達-5%,hard5,2023,3497,2.647,1.583,53.22,-7.222,-5.035
右側65＋市場改善,right65_market,一般70／領頭90,profit70_90,收盤跌幅達-5%,hard5,2024,2146,0.059,-5.152,38.49,-8.097,-5.211
右側65＋市場改善,right65_market,一般70／領頭90,profit70_90,收盤跌幅達-5%,hard5,2025,1123,-1.489,-5.553,32.59,-8.909,-5.736
右側65＋市場改善,right65_market,一般70／領頭90,profit70_90,收盤跌幅達-5%,hard5,2026,698,0.284,-4.544,38.11,-7.829,-5.023
右側65＋市場改善,right65_market,一般70／領頭90,profit70_90,收盤跌幅達-7%,hard7,2023,3497,3.016,3.172,58.28,-8.805,-5.742
右側65＋市場改善,right65_market,一般70／領頭90,profit70_90,收盤跌幅達-7%,hard7,2024,2146,0.182,-4.029,44.22,-10.001,-6.509
右側65＋市場改善,right65_market,一般70／領頭90,profit70_90,收盤跌幅達-7%,hard7,2025,1123,-1.919,-7.008,37.04,-11.475,-7.403
右側65＋市場改善,right65_market,一般70／領頭90,profit70_90,收盤跌幅達-7%,hard7,2026,698,0.538,-3.664,43.84,-9.338,-6.337
右側65＋市場改善,right65_market,一般70／領頭90,profit70_90,收盤跌幅達-8%,hard8,2023,3497,3.183,3.592,60.08,-9.535,-5.882
右側65＋市場改善,right65_market,一般70／領頭90,profit70_90,收盤跌幅達-8%,hard8,2024,2146,0.121,-2.723,45.9,-10.957,-7.057
右側65＋市場改善,right65_market,一般70／領頭90,profit70_90,收盤跌幅達-8%,hard8,2025,1123,-2.04,-7.302,38.56,-12.195,-8.214
右側65＋市場改善,right65_market,一般70／領頭90,profit70_90,收盤跌幅達-8%,hard8,2026,698,0.819,-1.623,46.99,-10.207,-6.92
右側65＋市場改善,right65_market,一般70／領頭90,profit70_90,收盤跌破訊號日低點,signal_low,2023,3497,1.418,-1.585,34.83,-5.213,-2.559
右側65＋市場改善,right65_market,一般70／領頭90,profit70_90,收盤跌破訊號日低點,signal_low,2024,2146,0.061,-2.331,29.17,-6.656,-2.327
右側65＋市場改善,right65_market,一般70／領頭90,profit70_90,收盤跌破訊號日低點,signal_low,2025,1123,-0.627,-2.308,25.38,-6.68,-2.459
右側65＋市場改善,right65_market,一般70／領頭90,profit70_90,收盤跌破訊號日低點,signal_low,2026,698,0.033,-2.208,30.09,-7.048,-2.2
右側65＋市場改善,right65_market,一般70／領頭90,profit70_90,無失敗停損,none,2023,3497,3.702,4.796,65.63,-10.729,-6.027
右側65＋市場改善,right65_market,一般70／領頭90,profit70_90,無失敗停損,none,2024,2146,0.48,1.879,54.1,-16.691,-8.41
右側65＋市場改善,right65_market,一般70／領頭90,profit70_90,無失敗停損,none,2025,1123,-2.527,-1.458,46.22,-22.041,-10.667
右側65＋市場改善,right65_market,一般70／領頭90,profit70_90,無失敗停損,none,2026,698,3.646,6.166,67.34,-13.251,-8.005
右側65＋市場改善,right65_market,一般70／領頭90,profit70_90,第10日仍未曾+3%,no_launch10_3,2023,3497,2.276,0.182,51.16,-7.696,-3.496
右側65＋市場改善,right65_market,一般70／領頭90,profit70_90,第10日仍未曾+3%,no_launch10_3,2024,2146,0.316,-1.142,42.92,-11.985,-4.297
右側65＋市場改善,right65_market,一般70／領頭90,profit70_90,第10日仍未曾+3%,no_launch10_3,2025,1123,-1.604,-1.789,38.02,-15.406,-4.651
右側65＋市場改善,right65_market,一般70／領頭90,profit70_90,第10日仍未曾+3%,no_launch10_3,2026,698,1.584,-0.226,49.28,-11.47,-4.732
右側65＋市場改善,right65_market,一般70／領頭90,profit70_90,第15日仍未曾+5%,no_launch15_5,2023,3497,2.377,0.566,54.36,-7.56,-3.636
右側65＋市場改善,right65_market,一般70／領頭90,profit70_90,第15日仍未曾+5%,no_launch15_5,2024,2146,0.19,-0.979,45.2,-12.598,-4.869
右側65＋市場改善,right65_market,一般70／領頭90,profit70_90,第15日仍未曾+5%,no_launch15_5,2025,1123,-0.936,-1.602,40.87,-13.253,-5.062
右側65＋市場改善,right65_market,一般70／領頭90,profit70_90,第15日仍未曾+5%,no_launch15_5,2026,698,1.744,-0.117,49.86,-10.816,-5.148
右側65＋市場改善,right65_market,一般70／領頭90,profit70_90,緊急-8%＋第10日後MA20/右側,hybrid_emergency8_grace10,2023,3497,1.442,0.047,50.21,-6.572,-3.052
右側65＋市場改善,right65_market,一般70／領頭90,profit70_90,緊急-8%＋第10日後MA20/右側,hybrid_emergency8_grace10,2024,2146,0.212,-1.193,41.38,-8.984,-3.719
右側65＋市場改善,right65_market,一般70／領頭90,profit70_90,緊急-8%＋第10日後MA20/右側,hybrid_emergency8_grace10,2025,1123,-0.21,-1.234,39.89,-9.061,-3.782
右側65＋市場改善,right65_market,一般70／領頭90,profit70_90,緊急-8%＋第10日後MA20/右側,hybrid_emergency8_grace10,2026,698,0.024,-1.928,37.97,-9.105,-4.138
右側65＋市場改善,right65_market,一般70／領頭90,profit70_90,連續2日跌破MA20,ma20_2,2023,3497,1.27,-0.902,41.35,-5.825,-2.91
右側65＋市場改善,right65_market,一般70／領頭90,profit70_90,連續2日跌破MA20,ma20_2,2024,2146,0.021,-1.857,33.64,-7.222,-2.987
右側65＋市場改善,right65_market,一般70／領頭90,profit70_90,連續2日跌破MA20,ma20_2,2025,1123,-0.522,-2.087,32.06,-7.157,-3.265
右側65＋市場改善,right65_market,一般70／領頭90,profit70_90,連續2日跌破MA20,ma20_2,2026,698,-0.037,-2.198,32.09,-8.093,-3.015
右側65＋市場改善,right65_market,一般70／領頭90,profit70_90,連續3日跌破MA20,ma20_3,2023,3497,1.436,-0.914,42.89,-6.288,-3.361
右側65＋市場改善,right65_market,一般70／領頭90,profit70_90,連續3日跌破MA20,ma20_3,2024,2146,0.108,-2.159,35.88,-8.17,-3.591
右側65＋市場改善,right65_market,一般70／領頭90,profit70_90,連續3日跌破MA20,ma20_3,2025,1123,-0.669,-2.207,32.59,-8.028,-3.993
右側65＋市場改善,right65_market,一般70／領頭90,profit70_90,連續3日跌破MA20,ma20_3,2026,698,0.303,-2.423,35.96,-8.61,-3.918
右側65＋市場改善,right65_market,一般80／領頭90,profit80_90,右側自高點回落10分,right_drop10,2023,3497,0.549,-0.713,39.46,-4.408,-1.579
右側65＋市場改善,right65_market,一般80／領頭90,profit80_90,右側自高點回落10分,right_drop10,2024,2146,-0.117,-1.327,33.46,-5.636,-1.7
右側65＋市場改善,right65_market,一般80／領頭90,profit80_90,右側自高點回落10分,right_drop10,2025,1123,-0.403,-1.234,33.57,-5.682,-1.769
右側65＋市場改善,right65_market,一般80／領頭90,profit80_90,右側自高點回落10分,right_drop10,2026,698,-0.217,-1.471,32.66,-6.387,-1.888
右側65＋市場改善,right65_market,一般80／領頭90,profit80_90,右側自高點回落15分,right_drop15,2023,3497,0.706,-0.585,40.84,-4.614,-1.801
右側65＋市場改善,right65_market,一般80／領頭90,profit80_90,右側自高點回落15分,right_drop15,2024,2146,-0.168,-1.327,34.44,-6.471,-2.047
右側65＋市場改善,right65_market,一般80／領頭90,profit80_90,右側自高點回落15分,right_drop15,2025,1123,-0.285,-1.283,34.73,-6.003,-2.091
右側65＋市場改善,right65_market,一般80／領頭90,profit80_90,右側自高點回落15分,right_drop15,2026,698,-0.07,-1.471,33.24,-6.691,-2.201
右側65＋市場改善,right65_market,一般80／領頭90,profit80_90,右側自高點回落20分,right_drop20,2023,3497,0.775,-0.585,41.44,-4.93,-1.992
右側65＋市場改善,right65_market,一般80／領頭90,profit80_90,右側自高點回落20分,right_drop20,2024,2146,-0.113,-1.339,35.41,-6.708,-2.273
右側65＋市場改善,right65_market,一般80／領頭90,profit80_90,右側自高點回落20分,right_drop20,2025,1123,-0.394,-1.391,34.82,-6.64,-2.361
右側65＋市場改善,right65_market,一般80／領頭90,profit80_90,右側自高點回落20分,right_drop20,2026,698,-0.002,-1.615,33.24,-6.879,-2.422
右側65＋市場改善,right65_market,一般80／領頭90,profit80_90,寬限10日→MA20或右側確認,grace10_combo,2023,3497,1.616,0.008,50.04,-5.805,-3.284
右側65＋市場改善,right65_market,一般80／領頭90,profit80_90,寬限10日→MA20或右側確認,grace10_combo,2024,2146,0.299,-1.199,41.1,-9.017,-4.021
右側65＋市場改善,right65_market,一般80／領頭90,profit80_90,寬限10日→MA20或右側確認,grace10_combo,2025,1123,-0.117,-1.21,39.98,-8.674,-3.995
右側65＋市場改善,right65_market,一般80／領頭90,profit80_90,寬限10日→MA20或右側確認,grace10_combo,2026,698,0.04,-1.899,37.82,-9.507,-4.502
右側65＋市場改善,right65_market,一般80／領頭90,profit80_90,寬限10日→右側回落15分,grace10_right15,2023,3497,1.614,0.047,50.24,-5.845,-3.308
右側65＋市場改善,right65_market,一般80／領頭90,profit80_90,寬限10日→右側回落15分,grace10_right15,2024,2146,0.295,-1.174,41.29,-9.159,-4.048
右側65＋市場改善,right65_market,一般80／領頭90,profit80_90,寬限10日→右側回落15分,grace10_right15,2025,1123,-0.128,-1.234,39.98,-8.683,-4.0
右側65＋市場改善,right65_market,一般80／領頭90,profit80_90,寬限10日→右側回落15分,grace10_right15,2026,698,0.137,-1.78,38.4,-9.589,-4.534
右側65＋市場改善,right65_market,一般80／領頭90,profit80_90,寬限10日→連2日跌破MA20,grace10_ma20_2,2023,3497,1.938,-0.585,46.5,-6.441,-3.887
右側65＋市場改善,right65_market,一般80／領頭90,profit80_90,寬限10日→連2日跌破MA20,grace10_ma20_2,2024,2146,0.336,-1.832,37.98,-9.449,-4.704
右側65＋市場改善,right65_market,一般80／領頭90,profit80_90,寬限10日→連2日跌破MA20,grace10_ma20_2,2025,1123,-0.334,-1.985,36.51,-9.292,-4.79
右側65＋市場改善,right65_market,一般80／領頭90,profit80_90,寬限10日→連2日跌破MA20,grace10_ma20_2,2026,698,0.414,-2.086,37.54,-9.753,-4.975
右側65＋市場改善,right65_market,一般80／領頭90,profit80_90,寬限5日→連2日跌破MA20,grace5_ma20_2,2023,3497,1.422,-0.899,42.24,-6.324,-3.477
右側65＋市場改善,right65_market,一般80／領頭90,profit80_90,寬限5日→連2日跌破MA20,grace5_ma20_2,2024,2146,0.277,-2.013,34.81,-7.869,-3.976
右側65＋市場改善,right65_market,一般80／領頭90,profit80_90,寬限5日→連2日跌破MA20,grace5_ma20_2,2025,1123,-0.402,-2.157,33.21,-7.63,-4.049
右側65＋市場改善,right65_market,一般80／領頭90,profit80_90,寬限5日→連2日跌破MA20,grace5_ma20_2,2026,698,0.24,-2.384,33.38,-9.003,-4.169
右側65＋市場改善,right65_market,一般80／領頭90,profit80_90,收盤跌幅達-3%,hard3,2023,3497,2.097,-3.017,42.32,-5.599,-4.128
右側65＋市場改善,right65_market,一般80／領頭90,profit80_90,收盤跌幅達-3%,hard3,2024,2146,0.139,-3.705,29.4,-6.166,-3.723
右側65＋市場改善,right65_market,一般80／領頭90,profit80_90,收盤跌幅達-3%,hard3,2025,1123,-1.031,-3.828,25.65,-6.969,-4.118
右側65＋市場改善,right65_market,一般80／領頭90,profit80_90,收盤跌幅達-3%,hard3,2026,698,0.188,-3.567,28.08,-6.306,-3.612
右側65＋市場改善,right65_market,一般80／領頭90,profit80_90,收盤跌幅達-5%,hard5,2023,3497,2.807,0.788,51.44,-7.231,-5.39
右側65＋市場改善,right65_market,一般80／領頭90,profit80_90,收盤跌幅達-5%,hard5,2024,2146,0.189,-5.294,36.91,-8.19,-5.523
右側65＋市場改善,right65_market,一般80／領頭90,profit80_90,收盤跌幅達-5%,hard5,2025,1123,-1.505,-5.591,31.26,-8.993,-5.938
右側65＋市場改善,right65_market,一般80／領頭90,profit80_90,收盤跌幅達-5%,hard5,2026,698,0.36,-4.772,36.25,-7.843,-5.281
右側65＋市場改善,right65_market,一般80／領頭90,profit80_90,收盤跌幅達-7%,hard7,2023,3497,3.21,2.738,56.62,-8.854,-6.197
右側65＋市場改善,right65_market,一般80／領頭90,profit80_90,收盤跌幅達-7%,hard7,2024,2146,0.285,-4.957,42.36,-10.077,-6.883
右側65＋市場改善,right65_market,一般80／領頭90,profit80_90,收盤跌幅達-7%,hard7,2025,1123,-1.954,-7.314,35.62,-11.672,-7.665
右側65＋市場改善,right65_market,一般80／領頭90,profit80_90,收盤跌幅達-7%,hard7,2026,698,0.59,-4.434,41.83,-9.354,-6.78
右側65＋市場改善,right65_market,一般80／領頭90,profit80_90,收盤跌幅達-8%,hard8,2023,3497,3.397,3.244,58.45,-9.581,-6.356
右側65＋市場改善,right65_market,一般80／領頭90,profit80_90,收盤跌幅達-8%,hard8,2024,2146,0.215,-4.01,43.99,-11.024,-7.468
右側65＋市場改善,right65_market,一般80／領頭90,profit80_90,收盤跌幅達-8%,hard8,2025,1123,-2.097,-7.776,37.04,-12.421,-8.559
右側65＋市場改善,right65_market,一般80／領頭90,profit80_90,收盤跌幅達-8%,hard8,2026,698,0.931,-2.704,45.13,-10.212,-7.251
右側65＋市場改善,right65_market,一般80／領頭90,profit80_90,收盤跌破訊號日低點,signal_low,2023,3497,1.554,-1.65,33.63,-5.277,-2.786
右側65＋市場改善,right65_market,一般80／領頭90,profit80_90,收盤跌破訊號日低點,signal_low,2024,2146,0.167,-2.406,27.96,-6.807,-2.5
右側65＋市場改善,right65_market,一般80／領頭90,profit80_90,收盤跌破訊號日低點,signal_low,2025,1123,-0.646,-2.401,24.04,-6.789,-2.73
右側65＋市場改善,right65_market,一般80／領頭90,profit80_90,收盤跌破訊號日低點,signal_low,2026,698,0.081,-2.346,28.22,-7.128,-2.378
右側65＋市場改善,right65_market,一般80／領頭90,profit80_90,無失敗停損,none,2023,3497,3.992,4.692,64.17,-11.047,-6.494
右側65＋市場改善,right65_market,一般80／領頭90,profit80_90,無失敗停損,none,2024,2146,0.664,1.128,52.42,-16.95,-9.209
右側65＋市場改善,right65_market,一般80／領頭90,profit80_90,無失敗停損,none,2025,1123,-2.601,-2.042,45.06,-22.507,-11.503
右側65＋市場改善,right65_market,一般80／領頭90,profit80_90,無失敗停損,none,2026,698,3.786,6.526,65.04,-13.834,-8.668
右側65＋市場改善,right65_market,一般80／領頭90,profit80_90,第10日仍未曾+3%,no_launch10_3,2023,3497,2.468,-0.011,49.9,-7.914,-3.815
右側65＋市場改善,right65_market,一般80／領頭90,profit80_90,第10日仍未曾+3%,no_launch10_3,2024,2146,0.452,-1.379,41.66,-12.577,-4.719
右側65＋市場改善,right65_market,一般80／領頭90,profit80_90,第10日仍未曾+3%,no_launch10_3,2025,1123,-1.719,-2.051,36.95,-16.322,-5.175
右側65＋市場改善,right65_market,一般80／領頭90,profit80_90,第10日仍未曾+3%,no_launch10_3,2026,698,1.736,-0.585,47.28,-11.795,-5.225
右側65＋市場改善,right65_market,一般80／領頭90,profit80_90,第15日仍未曾+5%,no_launch15_5,2023,3497,2.606,0.372,53.07,-7.791,-4.0
右側65＋市場改善,right65_market,一般80／領頭90,profit80_90,第15日仍未曾+5%,no_launch15_5,2024,2146,0.378,-1.174,44.04,-12.835,-5.263
右側65＋市場改善,right65_market,一般80／領頭90,profit80_90,第15日仍未曾+5%,no_launch15_5,2025,1123,-1.042,-1.704,39.98,-13.597,-5.416
右側65＋市場改善,right65_market,一般80／領頭90,profit80_90,第15日仍未曾+5%,no_launch15_5,2026,698,1.795,-0.585,47.85,-11.47,-5.67
右側65＋市場改善,right65_market,一般80／領頭90,profit80_90,緊急-8%＋第10日後MA20/右側,hybrid_emergency8_grace10,2023,3497,1.506,-0.045,49.59,-6.692,-3.268
右側65＋市場改善,right65_market,一般80／領頭90,profit80_90,緊急-8%＋第10日後MA20/右側,hybrid_emergency8_grace10,2024,2146,0.301,-1.325,40.35,-9.03,-3.969
右側65＋市場改善,right65_market,一般80／領頭90,profit80_90,緊急-8%＋第10日後MA20/右側,hybrid_emergency8_grace10,2025,1123,-0.18,-1.363,39.18,-9.061,-3.972
右側65＋市場改善,right65_market,一般80／領頭90,profit80_90,緊急-8%＋第10日後MA20/右側,hybrid_emergency8_grace10,2026,698,0.038,-2.044,36.53,-9.12,-4.444
右側65＋市場改善,right65_market,一般80／領頭90,profit80_90,連續2日跌破MA20,ma20_2,2023,3497,1.343,-0.969,40.52,-5.871,-3.141
右側65＋市場改善,right65_market,一般80／領頭90,profit80_90,連續2日跌破MA20,ma20_2,2024,2146,0.113,-1.938,32.57,-7.29,-3.27
右側65＋市場改善,right65_market,一般80／領頭90,profit80_90,連續2日跌破MA20,ma20_2,2025,1123,-0.526,-2.169,31.08,-7.23,-3.485
右側65＋市場改善,right65_market,一般80／領頭90,profit80_90,連續2日跌破MA20,ma20_2,2026,698,0.032,-2.252,30.52,-8.105,-3.281
右側65＋市場改善,right65_market,一般80／領頭90,profit80_90,連續3日跌破MA20,ma20_3,2023,3497,1.554,-0.98,42.01,-6.331,-3.593
右側65＋市場改善,right65_market,一般80／領頭90,profit80_90,連續3日跌破MA20,ma20_3,2024,2146,0.242,-2.234,34.72,-8.396,-3.859
右側65＋市場改善,right65_market,一般80／領頭90,profit80_90,連續3日跌破MA20,ma20_3,2025,1123,-0.659,-2.345,31.52,-8.028,-4.237
右側65＋市場改善,right65_market,一般80／領頭90,profit80_90,連續3日跌破MA20,ma20_3,2026,698,0.299,-2.702,33.81,-8.747,-4.179
正式鴨嘴新進＋市場改善,duck_new_market,一般70／領頭90,profit70_90,右側自高點回落10分,right_drop10,2023,3128,0.454,-0.585,40.25,-4.211,-1.416
正式鴨嘴新進＋市場改善,duck_new_market,一般70／領頭90,profit70_90,右側自高點回落10分,right_drop10,2024,1842,-0.208,-1.265,33.28,-5.273,-1.502
正式鴨嘴新進＋市場改善,duck_new_market,一般70／領頭90,profit70_90,右側自高點回落10分,right_drop10,2025,854,-0.555,-1.359,31.26,-5.381,-1.52
正式鴨嘴新進＋市場改善,duck_new_market,一般70／領頭90,profit70_90,右側自高點回落10分,right_drop10,2026,584,-0.17,-1.473,31.68,-6.1,-1.565
正式鴨嘴新進＋市場改善,duck_new_market,一般70／領頭90,profit70_90,右側自高點回落15分,right_drop15,2023,3128,0.537,-0.585,41.08,-4.276,-1.594
正式鴨嘴新進＋市場改善,duck_new_market,一般70／領頭90,profit70_90,右側自高點回落15分,right_drop15,2024,1842,-0.202,-1.244,34.36,-5.608,-1.697
正式鴨嘴新進＋市場改善,duck_new_market,一般70／領頭90,profit70_90,右側自高點回落15分,right_drop15,2025,854,-0.497,-1.422,32.2,-5.623,-1.781
正式鴨嘴新進＋市場改善,duck_new_market,一般70／領頭90,profit70_90,右側自高點回落15分,right_drop15,2026,584,-0.134,-1.419,32.19,-6.158,-1.971
正式鴨嘴新進＋市場改善,duck_new_market,一般70／領頭90,profit70_90,右側自高點回落20分,right_drop20,2023,3128,0.59,-0.585,41.91,-4.597,-1.709
正式鴨嘴新進＋市場改善,duck_new_market,一般70／領頭90,profit70_90,右側自高點回落20分,right_drop20,2024,1842,-0.184,-1.222,35.99,-5.956,-1.844
正式鴨嘴新進＋市場改善,duck_new_market,一般70／領頭90,profit70_90,右側自高點回落20分,right_drop20,2025,854,-0.564,-1.427,32.44,-6.123,-1.961
正式鴨嘴新進＋市場改善,duck_new_market,一般70／領頭90,profit70_90,右側自高點回落20分,right_drop20,2026,584,-0.183,-1.457,32.02,-6.653,-2.051
正式鴨嘴新進＋市場改善,duck_new_market,一般70／領頭90,profit70_90,寬限10日→MA20或右側確認,grace10_combo,2023,3128,1.409,0.078,50.7,-5.425,-2.965
正式鴨嘴新進＋市場改善,duck_new_market,一般70／領頭90,profit70_90,寬限10日→MA20或右側確認,grace10_combo,2024,1842,0.11,-1.055,41.97,-8.317,-3.55
正式鴨嘴新進＋市場改善,duck_new_market,一般70／領頭90,profit70_90,寬限10日→MA20或右側確認,grace10_combo,2025,854,-0.557,-1.435,38.52,-9.212,-3.94
正式鴨嘴新進＋市場改善,duck_new_market,一般70／領頭90,profit70_90,寬限10日→MA20或右側確認,grace10_combo,2026,584,-0.191,-1.94,38.18,-9.935,-4.112
正式鴨嘴新進＋市場改善,duck_new_market,一般70／領頭90,profit70_90,寬限10日→右側回落15分,grace10_right15,2023,3128,1.411,0.101,50.9,-5.418,-2.977
正式鴨嘴新進＋市場改善,duck_new_market,一般70／領頭90,profit70_90,寬限10日→右側回落15分,grace10_right15,2024,1842,0.126,-1.039,42.13,-8.317,-3.557
正式鴨嘴新進＋市場改善,duck_new_market,一般70／領頭90,profit70_90,寬限10日→右側回落15分,grace10_right15,2025,854,-0.55,-1.435,38.52,-9.128,-3.949
正式鴨嘴新進＋市場改善,duck_new_market,一般70／領頭90,profit70_90,寬限10日→右側回落15分,grace10_right15,2026,584,-0.168,-1.928,38.36,-10.283,-4.124
正式鴨嘴新進＋市場改善,duck_new_market,一般70／領頭90,profit70_90,寬限10日→連2日跌破MA20,grace10_ma20_2,2023,3128,1.735,-0.419,47.03,-6.132,-3.588
正式鴨嘴新進＋市場改善,duck_new_market,一般70／領頭90,profit70_90,寬限10日→連2日跌破MA20,grace10_ma20_2,2024,1842,0.154,-1.682,38.87,-8.621,-4.154
正式鴨嘴新進＋市場改善,duck_new_market,一般70／領頭90,profit70_90,寬限10日→連2日跌破MA20,grace10_ma20_2,2025,854,-0.697,-2.096,35.6,-9.401,-4.455
正式鴨嘴新進＋市場改善,duck_new_market,一般70／領頭90,profit70_90,寬限10日→連2日跌破MA20,grace10_ma20_2,2026,584,0.168,-2.187,38.01,-10.119,-4.588
正式鴨嘴新進＋市場改善,duck_new_market,一般70／領頭90,profit70_90,寬限5日→連2日跌破MA20,grace5_ma20_2,2023,3128,1.252,-0.872,42.58,-6.014,-3.231
正式鴨嘴新進＋市場改善,duck_new_market,一般70／領頭90,profit70_90,寬限5日→連2日跌破MA20,grace5_ma20_2,2024,1842,-0.014,-1.908,35.12,-7.495,-3.515
正式鴨嘴新進＋市場改善,duck_new_market,一般70／領頭90,profit70_90,寬限5日→連2日跌破MA20,grace5_ma20_2,2025,854,-0.76,-2.287,30.91,-7.531,-3.772
正式鴨嘴新進＋市場改善,duck_new_market,一般70／領頭90,profit70_90,寬限5日→連2日跌破MA20,grace5_ma20_2,2026,584,0.05,-2.428,33.56,-8.56,-3.917
正式鴨嘴新進＋市場改善,duck_new_market,一般70／領頭90,profit70_90,收盤跌幅達-3%,hard3,2023,3128,1.912,-2.686,44.15,-5.475,-3.809
正式鴨嘴新進＋市場改善,duck_new_market,一般70／領頭90,profit70_90,收盤跌幅達-3%,hard3,2024,1842,-0.129,-3.668,31.11,-5.913,-3.408
正式鴨嘴新進＋市場改善,duck_new_market,一般70／領頭90,profit70_90,收盤跌幅達-3%,hard3,2025,854,-1.303,-3.896,24.71,-6.971,-4.122
正式鴨嘴新進＋市場改善,duck_new_market,一般70／領頭90,profit70_90,收盤跌幅達-3%,hard3,2026,584,0.04,-3.511,28.94,-6.129,-3.158
正式鴨嘴新進＋市場改善,duck_new_market,一般70／領頭90,profit70_90,收盤跌幅達-5%,hard5,2023,3128,2.553,1.64,53.48,-7.108,-5.07
正式鴨嘴新進＋市場改善,duck_new_market,一般70／領頭90,profit70_90,收盤跌幅達-5%,hard5,2024,1842,-0.074,-5.054,39.47,-8.114,-5.211
正式鴨嘴新進＋市場改善,duck_new_market,一般70／領頭90,profit70_90,收盤跌幅達-5%,hard5,2025,854,-1.934,-5.691,30.21,-9.318,-6.043
正式鴨嘴新進＋市場改善,duck_new_market,一般70／領頭90,profit70_90,收盤跌幅達-5%,hard5,2026,584,0.151,-4.8,37.33,-7.655,-4.996
正式鴨嘴新進＋市場改善,duck_new_market,一般70／領頭90,profit70_90,收盤跌幅達-7%,hard7,2023,3128,2.978,3.197,58.76,-8.768,-5.688
正式鴨嘴新進＋市場改善,duck_new_market,一般70／領頭90,profit70_90,收盤跌幅達-7%,hard7,2024,1842,-0.038,-3.655,44.68,-9.935,-6.414
正式鴨嘴新進＋市場改善,duck_new_market,一般70／領頭90,profit70_90,收盤跌幅達-7%,hard7,2025,854,-2.428,-7.25,34.43,-11.534,-7.891
正式鴨嘴新進＋市場改善,duck_new_market,一般70／領頭90,profit70_90,收盤跌幅達-7%,hard7,2026,584,0.543,-3.94,43.66,-9.257,-6.029
正式鴨嘴新進＋市場改善,duck_new_market,一般70／領頭90,profit70_90,收盤跌幅達-8%,hard8,2023,3128,3.116,3.563,60.58,-9.45,-5.837
正式鴨嘴新進＋市場改善,duck_new_market,一般70／領頭90,profit70_90,收盤跌幅達-8%,hard8,2024,1842,-0.104,-2.345,46.2,-10.763,-6.871
正式鴨嘴新進＋市場改善,duck_new_market,一般70／領頭90,profit70_90,收盤跌幅達-8%,hard8,2025,854,-2.602,-7.696,35.71,-12.373,-8.58
正式鴨嘴新進＋市場改善,duck_new_market,一般70／領頭90,profit70_90,收盤跌幅達-8%,hard8,2026,584,0.842,-1.472,47.43,-10.231,-6.799
正式鴨嘴新進＋市場改善,duck_new_market,一般70／領頭90,profit70_90,收盤跌破訊號日低點,signal_low,2023,3128,1.309,-1.584,33.92,-4.894,-2.468
正式鴨嘴新進＋市場改善,duck_new_market,一般70／領頭90,profit70_90,收盤跌破訊號日低點,signal_low,2024,1842,-0.12,-2.239,28.56,-6.322,-2.11
正式鴨嘴新進＋市場改善,duck_new_market,一般70／領頭90,profit70_90,收盤跌破訊號日低點,signal_low,2025,854,-0.9,-2.334,22.37,-6.441,-2.222
正式鴨嘴新進＋市場改善,duck_new_market,一般70／領頭90,profit70_90,收盤跌破訊號日低點,signal_low,2026,584,-0.06,-2.332,28.25,-6.643,-2.139
正式鴨嘴新進＋市場改善,duck_new_market,一般70／領頭90,profit70_90,無失敗停損,none,2023,3128,3.672,4.718,66.02,-10.363,-5.954
正式鴨嘴新進＋市場改善,duck_new_market,一般70／領頭90,profit70_90,無失敗停損,none,2024,1842,0.291,1.666,54.02,-16.196,-7.886
正式鴨嘴新進＋市場改善,duck_new_market,一般70／領頭90,profit70_90,無失敗停損,none,2025,854,-3.123,-2.275,44.03,-22.681,-11.589
正式鴨嘴新進＋市場改善,duck_new_market,一般70／領頭90,profit70_90,無失敗停損,none,2026,584,2.493,5.327,64.38,-14.635,-7.887
正式鴨嘴新進＋市場改善,duck_new_market,一般70／領頭90,profit70_90,第10日仍未曾+3%,no_launch10_3,2023,3128,2.176,0.15,50.96,-7.455,-3.363
正式鴨嘴新進＋市場改善,duck_new_market,一般70／領頭90,profit70_90,第10日仍未曾+3%,no_launch10_3,2024,1842,-0.033,-1.268,41.42,-11.091,-4.051
正式鴨嘴新進＋市場改善,duck_new_market,一般70／領頭90,profit70_90,第10日仍未曾+3%,no_launch10_3,2025,854,-1.941,-2.154,36.07,-16.138,-4.788
正式鴨嘴新進＋市場改善,duck_new_market,一般70／領頭90,profit70_90,第10日仍未曾+3%,no_launch10_3,2026,584,0.68,-0.776,45.89,-11.897,-4.655
正式鴨嘴新進＋市場改善,duck_new_market,一般70／領頭90,profit70_90,第15日仍未曾+5%,no_launch15_5,2023,3128,2.263,0.632,54.86,-7.249,-3.542
正式鴨嘴新進＋市場改善,duck_new_market,一般70／領頭90,profit70_90,第15日仍未曾+5%,no_launch15_5,2024,1842,-0.052,-0.948,44.95,-11.823,-4.42
正式鴨嘴新進＋市場改善,duck_new_market,一般70／領頭90,profit70_90,第15日仍未曾+5%,no_launch15_5,2025,854,-1.36,-2.001,39.23,-13.258,-5.277
正式鴨嘴新進＋市場改善,duck_new_market,一般70／領頭90,profit70_90,第15日仍未曾+5%,no_launch15_5,2026,584,0.97,-0.845,46.58,-10.735,-5.12
正式鴨嘴新進＋市場改善,duck_new_market,一般70／領頭90,profit70_90,緊急-8%＋第10日後MA20/右側,hybrid_emergency8_grace10,2023,3128,1.321,0.063,50.45,-6.018,-2.959
正式鴨嘴新進＋市場改善,duck_new_market,一般70／領頭90,profit70_90,緊急-8%＋第10日後MA20/右側,hybrid_emergency8_grace10,2024,1842,0.092,-1.122,41.53,-8.786,-3.509
正式鴨嘴新進＋市場改善,duck_new_market,一般70／領頭90,profit70_90,緊急-8%＋第10日後MA20/右側,hybrid_emergency8_grace10,2025,854,-0.551,-1.588,37.82,-9.163,-3.93
正式鴨嘴新進＋市場改善,duck_new_market,一般70／領頭90,profit70_90,緊急-8%＋第10日後MA20/右側,hybrid_emergency8_grace10,2026,584,-0.072,-2.044,36.99,-9.047,-4.047
正式鴨嘴新進＋市場改善,duck_new_market,一般70／領頭90,profit70_90,連續2日跌破MA20,ma20_2,2023,3128,1.202,-0.928,40.82,-5.563,-2.878
正式鴨嘴新進＋市場改善,duck_new_market,一般70／領頭90,profit70_90,連續2日跌破MA20,ma20_2,2024,1842,-0.09,-1.845,33.12,-6.918,-2.891
正式鴨嘴新進＋市場改善,duck_new_market,一般70／領頭90,profit70_90,連續2日跌破MA20,ma20_2,2025,854,-0.83,-2.312,29.27,-7.153,-3.306
正式鴨嘴新進＋市場改善,duck_new_market,一般70／領頭90,profit70_90,連續2日跌破MA20,ma20_2,2026,584,-0.006,-2.216,30.82,-7.27,-2.899
正式鴨嘴新進＋市場改善,duck_new_market,一般70／領頭90,profit70_90,連續3日跌破MA20,ma20_3,2023,3128,1.398,-0.919,42.74,-5.992,-3.335
正式鴨嘴新進＋市場改善,duck_new_market,一般70／領頭90,profit70_90,連續3日跌破MA20,ma20_3,2024,1842,-0.064,-2.155,35.34,-7.776,-3.478
正式鴨嘴新進＋市場改善,duck_new_market,一般70／領頭90,profit70_90,連續3日跌破MA20,ma20_3,2025,854,-0.923,-2.528,30.44,-7.977,-3.966
正式鴨嘴新進＋市場改善,duck_new_market,一般70／領頭90,profit70_90,連續3日跌破MA20,ma20_3,2026,584,0.105,-2.762,33.73,-8.027,-3.742
正式鴨嘴新進＋市場改善,duck_new_market,一般80／領頭90,profit80_90,右側自高點回落10分,right_drop10,2023,3128,0.508,-0.694,39.71,-4.241,-1.511
正式鴨嘴新進＋市場改善,duck_new_market,一般80／領頭90,profit80_90,右側自高點回落10分,right_drop10,2024,1842,-0.167,-1.331,32.57,-5.322,-1.603
正式鴨嘴新進＋市場改善,duck_new_market,一般80／領頭90,profit80_90,右側自高點回落10分,right_drop10,2025,854,-0.544,-1.383,30.8,-5.384,-1.629
正式鴨嘴新進＋市場改善,duck_new_market,一般80／領頭90,profit80_90,右側自高點回落10分,right_drop10,2026,584,-0.202,-1.575,30.48,-6.158,-1.81
正式鴨嘴新進＋市場改善,duck_new_market,一般80／領頭90,profit80_90,右側自高點回落15分,right_drop15,2023,3128,0.601,-0.585,40.51,-4.309,-1.7
正式鴨嘴新進＋市場改善,duck_new_market,一般80／領頭90,profit80_90,右側自高點回落15分,right_drop15,2024,1842,-0.156,-1.334,33.55,-5.617,-1.815
正式鴨嘴新進＋市場改善,duck_new_market,一般80／領頭90,profit80_90,右側自高點回落15分,right_drop15,2025,854,-0.467,-1.454,31.73,-5.623,-1.844
正式鴨嘴新進＋市場改善,duck_new_market,一般80／領頭90,profit80_90,右側自高點回落15分,right_drop15,2026,584,-0.15,-1.486,30.99,-6.224,-2.085
正式鴨嘴新進＋市場改善,duck_new_market,一般80／領頭90,profit80_90,右側自高點回落20分,right_drop20,2023,3128,0.658,-0.585,41.3,-4.635,-1.833
正式鴨嘴新進＋市場改善,duck_new_market,一般80／領頭90,profit80_90,右側自高點回落20分,right_drop20,2024,1842,-0.116,-1.314,35.18,-5.966,-2.029
正式鴨嘴新進＋市場改善,duck_new_market,一般80／領頭90,profit80_90,右側自高點回落20分,right_drop20,2025,854,-0.543,-1.48,31.85,-6.123,-2.077
正式鴨嘴新進＋市場改善,duck_new_market,一般80／領頭90,profit80_90,右側自高點回落20分,right_drop20,2026,584,-0.212,-1.648,30.82,-6.739,-2.255
正式鴨嘴新進＋市場改善,duck_new_market,一般80／領頭90,profit80_90,寬限10日→MA20或右側確認,grace10_combo,2023,3128,1.467,0.015,50.03,-5.47,-3.182
正式鴨嘴新進＋市場改善,duck_new_market,一般80／領頭90,profit80_90,寬限10日→MA20或右側確認,grace10_combo,2024,1842,0.216,-1.179,40.72,-8.431,-3.742
正式鴨嘴新進＋市場改善,duck_new_market,一般80／領頭90,profit80_90,寬限10日→MA20或右側確認,grace10_combo,2025,854,-0.529,-1.569,37.94,-9.212,-4.028
正式鴨嘴新進＋市場改善,duck_new_market,一般80／領頭90,profit80_90,寬限10日→MA20或右側確認,grace10_combo,2026,584,-0.132,-2.052,36.64,-9.994,-4.377
正式鴨嘴新進＋市場改善,duck_new_market,一般80／領頭90,profit80_90,寬限10日→右側回落15分,grace10_right15,2023,3128,1.47,0.049,50.22,-5.456,-3.19
正式鴨嘴新進＋市場改善,duck_new_market,一般80／領頭90,profit80_90,寬限10日→右側回落15分,grace10_right15,2024,1842,0.231,-1.155,40.88,-8.431,-3.772
正式鴨嘴新進＋市場改善,duck_new_market,一般80／領頭90,profit80_90,寬限10日→右側回落15分,grace10_right15,2025,854,-0.522,-1.569,37.94,-9.128,-4.04
正式鴨嘴新進＋市場改善,duck_new_market,一般80／領頭90,profit80_90,寬限10日→右側回落15分,grace10_right15,2026,584,-0.109,-2.038,36.82,-10.283,-4.422
正式鴨嘴新進＋市場改善,duck_new_market,一般80／領頭90,profit80_90,寬限10日→連2日跌破MA20,grace10_ma20_2,2023,3128,1.806,-0.585,46.04,-6.216,-3.816
正式鴨嘴新進＋市場改善,duck_new_market,一般80／領頭90,profit80_90,寬限10日→連2日跌破MA20,grace10_ma20_2,2024,1842,0.298,-1.777,37.4,-8.671,-4.441
正式鴨嘴新進＋市場改善,duck_new_market,一般80／領頭90,profit80_90,寬限10日→連2日跌破MA20,grace10_ma20_2,2025,854,-0.684,-2.189,34.54,-9.401,-4.681
正式鴨嘴新進＋市場改善,duck_new_market,一般80／領頭90,profit80_90,寬限10日→連2日跌破MA20,grace10_ma20_2,2026,584,0.272,-2.353,36.47,-10.119,-4.823
正式鴨嘴新進＋市場改善,duck_new_market,一般80／領頭90,profit80_90,寬限5日→連2日跌破MA20,grace5_ma20_2,2023,3128,1.313,-0.931,41.62,-6.066,-3.415
正式鴨嘴新進＋市場改善,duck_new_market,一般80／領頭90,profit80_90,寬限5日→連2日跌破MA20,grace5_ma20_2,2024,1842,0.096,-2.003,33.77,-7.654,-3.778
正式鴨嘴新進＋市場改善,duck_new_market,一般80／領頭90,profit80_90,寬限5日→連2日跌破MA20,grace5_ma20_2,2025,854,-0.763,-2.32,29.98,-7.603,-3.955
正式鴨嘴新進＋市場改善,duck_new_market,一般80／領頭90,profit80_90,寬限5日→連2日跌破MA20,grace5_ma20_2,2026,584,0.171,-2.612,32.02,-8.571,-4.067
正式鴨嘴新進＋市場改善,duck_new_market,一般80／領頭90,profit80_90,收盤跌幅達-3%,hard3,2023,3128,2.078,-2.872,42.55,-5.5,-4.128
正式鴨嘴新進＋市場改善,duck_new_market,一般80／領頭90,profit80_90,收盤跌幅達-3%,hard3,2024,1842,0.003,-3.707,29.48,-6.007,-3.684
正式鴨嘴新進＋市場改善,duck_new_market,一般80／領頭90,profit80_90,收盤跌幅達-3%,hard3,2025,854,-1.425,-3.943,23.19,-7.129,-4.32
正式鴨嘴新進＋市場改善,duck_new_market,一般80／領頭90,profit80_90,收盤跌幅達-3%,hard3,2026,584,0.068,-3.597,26.88,-6.187,-3.404
正式鴨嘴新進＋市場改善,duck_new_market,一般80／領頭90,profit80_90,收盤跌幅達-5%,hard5,2023,3128,2.728,0.79,51.63,-7.13,-5.399
正式鴨嘴新進＋市場改善,duck_new_market,一般80／領頭90,profit80_90,收盤跌幅達-5%,hard5,2024,1842,0.061,-5.234,37.62,-8.214,-5.519
正式鴨嘴新進＋市場改善,duck_new_market,一般80／領頭90,profit80_90,收盤跌幅達-5%,hard5,2025,854,-1.99,-5.734,28.81,-9.42,-6.289
正式鴨嘴新進＋市場改善,duck_new_market,一般80／領頭90,profit80_90,收盤跌幅達-5%,hard5,2026,584,0.22,-5.014,35.45,-7.72,-5.219
正式鴨嘴新進＋市場改善,duck_new_market,一般80／領頭90,profit80_90,收盤跌幅達-7%,hard7,2023,3128,3.187,2.825,57.03,-8.81,-6.179
正式鴨嘴新進＋市場改善,duck_new_market,一般80／領頭90,profit80_90,收盤跌幅達-7%,hard7,2024,1842,0.075,-4.455,42.56,-9.996,-6.771
正式鴨嘴新進＋市場改善,duck_new_market,一般80／領頭90,profit80_90,收盤跌幅達-7%,hard7,2025,854,-2.508,-7.449,32.79,-11.941,-8.196
正式鴨嘴新進＋市場改善,duck_new_market,一般80／領頭90,profit80_90,收盤跌幅達-7%,hard7,2026,584,0.611,-4.73,41.78,-9.319,-6.631
正式鴨嘴新進＋市場改善,duck_new_market,一般80／領頭90,profit80_90,收盤跌幅達-8%,hard8,2023,3128,3.34,3.256,58.89,-9.52,-6.327
正式鴨嘴新進＋市場改善,duck_new_market,一般80／領頭90,profit80_90,收盤跌幅達-8%,hard8,2024,1842,0.002,-3.742,44.03,-10.982,-7.362
正式鴨嘴新進＋市場改善,duck_new_market,一般80／領頭90,profit80_90,收盤跌幅達-8%,hard8,2025,854,-2.705,-7.918,33.96,-12.659,-8.827
正式鴨嘴新進＋市場改善,duck_new_market,一般80／領頭90,profit80_90,收盤跌幅達-8%,hard8,2026,584,0.999,-2.783,45.72,-10.252,-7.094
正式鴨嘴新進＋市場改善,duck_new_market,一般80／領頭90,profit80_90,收盤跌破訊號日低點,signal_low,2023,3128,1.457,-1.645,32.74,-5.02,-2.692
正式鴨嘴新進＋市場改善,duck_new_market,一般80／領頭90,profit80_90,收盤跌破訊號日低點,signal_low,2024,1842,-0.009,-2.325,27.09,-6.528,-2.308
正式鴨嘴新進＋市場改善,duck_new_market,一般80／領頭90,profit80_90,收盤跌破訊號日低點,signal_low,2025,854,-0.983,-2.427,20.84,-6.592,-2.435
正式鴨嘴新進＋市場改善,duck_new_market,一般80／領頭90,profit80_90,收盤跌破訊號日低點,signal_low,2026,584,-0.001,-2.45,26.37,-6.8,-2.3
正式鴨嘴新進＋市場改善,duck_new_market,一般80／領頭90,profit80_90,無失敗停損,none,2023,3128,3.977,4.669,64.42,-10.732,-6.452
正式鴨嘴新進＋市場改善,duck_new_market,一般80／領頭90,profit80_90,無失敗停損,none,2024,1842,0.546,1.02,52.33,-16.59,-8.772
正式鴨嘴新進＋市場改善,duck_new_market,一般80／領頭90,profit80_90,無失敗停損,none,2025,854,-3.235,-2.93,42.74,-22.965,-12.169
正式鴨嘴新進＋市場改善,duck_new_market,一般80／領頭90,profit80_90,無失敗停損,none,2026,584,2.708,5.804,62.5,-15.133,-8.493
正式鴨嘴新進＋市場改善,duck_new_market,一般80／領頭90,profit80_90,第10日仍未曾+3%,no_launch10_3,2023,3128,2.378,-0.042,49.58,-7.722,-3.645
正式鴨嘴新進＋市場改善,duck_new_market,一般80／領頭90,profit80_90,第10日仍未曾+3%,no_launch10_3,2024,1842,0.133,-1.489,40.07,-11.521,-4.418
正式鴨嘴新進＋市場改善,duck_new_market,一般80／領頭90,profit80_90,第10日仍未曾+3%,no_launch10_3,2025,854,-2.097,-2.32,34.89,-17.319,-5.213
正式鴨嘴新進＋市場改善,duck_new_market,一般80／領頭90,profit80_90,第10日仍未曾+3%,no_launch10_3,2026,584,0.94,-1.278,44.18,-12.058,-5.048
正式鴨嘴新進＋市場改善,duck_new_market,一般80／領頭90,profit80_90,第15日仍未曾+5%,no_launch15_5,2023,3128,2.503,0.399,53.48,-7.554,-3.809
正式鴨嘴新進＋市場改善,duck_new_market,一般80／領頭90,profit80_90,第15日仍未曾+5%,no_launch15_5,2024,1842,0.166,-1.13,43.65,-12.078,-4.955
正式鴨嘴新進＋市場改善,duck_new_market,一般80／領頭90,profit80_90,第15日仍未曾+5%,no_launch15_5,2025,854,-1.505,-2.211,38.17,-13.934,-5.54
正式鴨嘴新進＋市場改善,duck_new_market,一般80／領頭90,profit80_90,第15日仍未曾+5%,no_launch15_5,2026,584,1.066,-1.421,44.69,-10.989,-5.527
正式鴨嘴新進＋市場改善,duck_new_market,一般80／領頭90,profit80_90,緊急-8%＋第10日後MA20/右側,hybrid_emergency8_grace10,2023,3128,1.377,-0.028,49.78,-6.059,-3.171
正式鴨嘴新進＋市場改善,duck_new_market,一般80／領頭90,profit80_90,緊急-8%＋第10日後MA20/右側,hybrid_emergency8_grace10,2024,1842,0.2,-1.25,40.34,-8.798,-3.73
正式鴨嘴新進＋市場改善,duck_new_market,一般80／領頭90,profit80_90,緊急-8%＋第10日後MA20/右側,hybrid_emergency8_grace10,2025,854,-0.535,-1.653,37.12,-9.163,-4.009
正式鴨嘴新進＋市場改善,duck_new_market,一般80／領頭90,profit80_90,緊急-8%＋第10日後MA20/右側,hybrid_emergency8_grace10,2026,584,-0.024,-2.143,35.45,-9.073,-4.301
正式鴨嘴新進＋市場改善,duck_new_market,一般80／領頭90,profit80_90,連續2日跌破MA20,ma20_2,2023,3128,1.262,-1.003,39.9,-5.625,-3.115
正式鴨嘴新進＋市場改善,duck_new_market,一般80／領頭90,profit80_90,連續2日跌破MA20,ma20_2,2024,1842,0.017,-1.906,31.87,-6.999,-3.146
正式鴨嘴新進＋市場改善,duck_new_market,一般80／領頭90,profit80_90,連續2日跌破MA20,ma20_2,2025,854,-0.846,-2.334,28.34,-7.229,-3.442
正式鴨嘴新進＋市場改善,duck_new_market,一般80／領頭90,profit80_90,連續2日跌破MA20,ma20_2,2026,584,0.066,-2.332,29.28,-7.291,-3.107
正式鴨嘴新進＋市場改善,duck_new_market,一般80／領頭90,profit80_90,連續3日跌破MA20,ma20_3,2023,3128,1.509,-0.991,41.78,-6.051,-3.545
正式鴨嘴新進＋市場改善,duck_new_market,一般80／領頭90,profit80_90,連續3日跌破MA20,ma20_3,2024,1842,0.092,-2.225,33.98,-7.878,-3.745
正式鴨嘴新進＋市場改善,duck_new_market,一般80／領頭90,profit80_90,連續3日跌破MA20,ma20_3,2025,854,-0.94,-2.595,29.27,-7.977,-4.066
正式鴨嘴新進＋市場改善,duck_new_market,一般80／領頭90,profit80_90,連續3日跌破MA20,ma20_3,2026,584,0.11,-2.917,31.51,-8.096,-4.098
預備80＋RS70＋市場改善,pre80_rs70_market,一般70／領頭90,profit70_90,右側自高點回落10分,right_drop10,2023,1502,0.739,-0.585,43.61,-5.118,-1.753
預備80＋RS70＋市場改善,pre80_rs70_market,一般70／領頭90,profit70_90,右側自高點回落10分,right_drop10,2024,1136,-0.171,-1.458,36.36,-6.775,-2.016
預備80＋RS70＋市場改善,pre80_rs70_market,一般70／領頭90,profit70_90,右側自高點回落10分,right_drop10,2025,667,-0.548,-1.172,35.08,-6.395,-2.011
預備80＋RS70＋市場改善,pre80_rs70_market,一般70／領頭90,profit70_90,右側自高點回落10分,right_drop10,2026,451,0.337,-1.237,39.69,-8.107,-1.98
預備80＋RS70＋市場改善,pre80_rs70_market,一般70／領頭90,profit70_90,右側自高點回落15分,right_drop15,2023,1502,0.911,-0.585,45.34,-5.821,-2.3
預備80＋RS70＋市場改善,pre80_rs70_market,一般70／領頭90,profit70_90,右側自高點回落15分,right_drop15,2024,1136,-0.187,-1.423,38.12,-9.067,-2.828
預備80＋RS70＋市場改善,pre80_rs70_market,一般70／領頭90,profit70_90,右側自高點回落15分,right_drop15,2025,667,-0.449,-1.138,37.63,-6.684,-2.445
預備80＋RS70＋市場改善,pre80_rs70_market,一般70／領頭90,profit70_90,右側自高點回落15分,right_drop15,2026,451,0.601,-1.237,40.13,-8.752,-2.579
預備80＋RS70＋市場改善,pre80_rs70_market,一般70／領頭90,profit70_90,右側自高點回落20分,right_drop20,2023,1502,0.985,-0.585,45.54,-6.292,-2.564
預備80＋RS70＋市場改善,pre80_rs70_market,一般70／領頭90,profit70_90,右側自高點回落20分,right_drop20,2024,1136,-0.189,-1.454,38.64,-9.257,-3.216
預備80＋RS70＋市場改善,pre80_rs70_market,一般70／領頭90,profit70_90,右側自高點回落20分,right_drop20,2025,667,-0.57,-1.331,37.78,-7.551,-2.751
預備80＋RS70＋市場改善,pre80_rs70_market,一般70／領頭90,profit70_90,右側自高點回落20分,right_drop20,2026,451,0.748,-1.255,40.8,-8.987,-3.108
預備80＋RS70＋市場改善,pre80_rs70_market,一般70／領頭90,profit70_90,寬限10日→MA20或右側確認,grace10_combo,2023,1502,2.014,0.139,51.0,-7.305,-3.714
預備80＋RS70＋市場改善,pre80_rs70_market,一般70／領頭90,profit70_90,寬限10日→MA20或右側確認,grace10_combo,2024,1136,0.237,-1.21,45.6,-12.147,-5.263
預備80＋RS70＋市場改善,pre80_rs70_market,一般70／領頭90,profit70_90,寬限10日→MA20或右側確認,grace10_combo,2025,667,0.143,-1.021,41.98,-9.201,-4.086
預備80＋RS70＋市場改善,pre80_rs70_market,一般70／領頭90,profit70_90,寬限10日→MA20或右側確認,grace10_combo,2026,451,0.92,-0.585,47.23,-12.171,-5.206
預備80＋RS70＋市場改善,pre80_rs70_market,一般70／領頭90,profit70_90,寬限10日→右側回落15分,grace10_right15,2023,1502,2.024,0.192,51.2,-7.406,-3.738
預備80＋RS70＋市場改善,pre80_rs70_market,一般70／領頭90,profit70_90,寬限10日→右側回落15分,grace10_right15,2024,1136,0.269,-1.085,46.04,-12.147,-5.345
預備80＋RS70＋市場改善,pre80_rs70_market,一般70／領頭90,profit70_90,寬限10日→右側回落15分,grace10_right15,2025,667,0.105,-0.982,42.13,-9.29,-4.088
預備80＋RS70＋市場改善,pre80_rs70_market,一般70／領頭90,profit70_90,寬限10日→右側回落15分,grace10_right15,2026,451,1.02,-0.474,47.89,-12.031,-5.206
預備80＋RS70＋市場改善,pre80_rs70_market,一般70／領頭90,profit70_90,寬限10日→連2日跌破MA20,grace10_ma20_2,2023,1502,2.36,-0.355,48.74,-7.716,-4.378
預備80＋RS70＋市場改善,pre80_rs70_market,一般70／領頭90,profit70_90,寬限10日→連2日跌破MA20,grace10_ma20_2,2024,1136,0.342,-1.899,42.96,-12.348,-5.973
預備80＋RS70＋市場改善,pre80_rs70_market,一般70／領頭90,profit70_90,寬限10日→連2日跌破MA20,grace10_ma20_2,2025,667,-0.036,-1.724,38.38,-9.505,-4.953
預備80＋RS70＋市場改善,pre80_rs70_market,一般70／領頭90,profit70_90,寬限10日→連2日跌破MA20,grace10_ma20_2,2026,451,1.424,-0.585,47.01,-12.485,-6.481
預備80＋RS70＋市場改善,pre80_rs70_market,一般70／領頭90,profit70_90,寬限5日→連2日跌破MA20,grace5_ma20_2,2023,1502,1.783,-0.651,45.34,-7.344,-3.785
預備80＋RS70＋市場改善,pre80_rs70_market,一般70／領頭90,profit70_90,寬限5日→連2日跌破MA20,grace5_ma20_2,2024,1136,0.241,-2.118,39.08,-10.009,-4.801
預備80＋RS70＋市場改善,pre80_rs70_market,一般70／領頭90,profit70_90,寬限5日→連2日跌破MA20,grace5_ma20_2,2025,667,-0.177,-1.901,35.83,-8.107,-4.206
預備80＋RS70＋市場改善,pre80_rs70_market,一般70／領頭90,profit70_90,寬限5日→連2日跌破MA20,grace5_ma20_2,2026,451,0.645,-1.814,40.13,-11.146,-4.661
預備80＋RS70＋市場改善,pre80_rs70_market,一般70／領頭90,profit70_90,收盤跌幅達-3%,hard3,2023,1502,2.183,-3.208,42.01,-5.852,-3.571
預備80＋RS70＋市場改善,pre80_rs70_market,一般70／領頭90,profit70_90,收盤跌幅達-3%,hard3,2024,1136,0.006,-3.828,29.31,-6.873,-3.288
預備80＋RS70＋市場改善,pre80_rs70_market,一般70／領頭90,profit70_90,收盤跌幅達-3%,hard3,2025,667,-0.824,-3.726,27.29,-6.682,-3.635
預備80＋RS70＋市場改善,pre80_rs70_market,一般70／領頭90,profit70_90,收盤跌幅達-3%,hard3,2026,451,0.902,-3.471,33.48,-6.543,-2.752
預備80＋RS70＋市場改善,pre80_rs70_market,一般70／領頭90,profit70_90,收盤跌幅達-5%,hard5,2023,1502,3.047,1.451,52.06,-7.788,-5.02
預備80＋RS70＋市場改善,pre80_rs70_market,一般70／領頭90,profit70_90,收盤跌幅達-5%,hard5,2024,1136,0.109,-5.538,36.44,-8.682,-5.142
預備80＋RS70＋市場改善,pre80_rs70_market,一般70／領頭90,profit70_90,收盤跌幅達-5%,hard5,2025,667,-0.751,-5.218,34.18,-8.93,-5.327
預備80＋RS70＋市場改善,pre80_rs70_market,一般70／領頭90,profit70_90,收盤跌幅達-5%,hard5,2026,451,0.991,-4.594,39.91,-8.387,-4.924
預備80＋RS70＋市場改善,pre80_rs70_market,一般70／領頭90,profit70_90,收盤跌幅達-7%,hard7,2023,1502,3.589,4.121,58.06,-9.24,-6.068
預備80＋RS70＋市場改善,pre80_rs70_market,一般70／領頭90,profit70_90,收盤跌幅達-7%,hard7,2024,1136,0.226,-6.892,42.61,-10.541,-6.926
預備80＋RS70＋市場改善,pre80_rs70_market,一般70／領頭90,profit70_90,收盤跌幅達-7%,hard7,2025,667,-0.964,-6.614,38.98,-10.92,-6.861
預備80＋RS70＋市場改善,pre80_rs70_market,一般70／領頭90,profit70_90,收盤跌幅達-7%,hard7,2026,451,1.482,-3.214,46.12,-10.123,-6.462
預備80＋RS70＋市場改善,pre80_rs70_market,一般70／領頭90,profit70_90,收盤跌幅達-8%,hard8,2023,1502,3.718,4.861,59.99,-10.146,-6.363
預備80＋RS70＋市場改善,pre80_rs70_market,一般70／領頭90,profit70_90,收盤跌幅達-8%,hard8,2024,1136,0.242,-7.208,44.98,-11.303,-7.651
預備80＋RS70＋市場改善,pre80_rs70_market,一般70／領頭90,profit70_90,收盤跌幅達-8%,hard8,2025,667,-1.042,-5.473,41.08,-12.077,-7.578
預備80＋RS70＋市場改善,pre80_rs70_market,一般70／領頭90,profit70_90,收盤跌幅達-8%,hard8,2026,451,1.656,-1.471,48.12,-10.892,-6.838
預備80＋RS70＋市場改善,pre80_rs70_market,一般70／領頭90,profit70_90,收盤跌破訊號日低點,signal_low,2023,1502,1.696,-1.627,36.55,-5.767,-2.43
預備80＋RS70＋市場改善,pre80_rs70_market,一般70／領頭90,profit70_90,收盤跌破訊號日低點,signal_low,2024,1136,0.042,-2.668,29.14,-7.58,-2.383
預備80＋RS70＋市場改善,pre80_rs70_market,一般70／領頭90,profit70_90,收盤跌破訊號日低點,signal_low,2025,667,-0.46,-2.266,27.44,-6.701,-2.449
預備80＋RS70＋市場改善,pre80_rs70_market,一般70／領頭90,profit70_90,收盤跌破訊號日低點,signal_low,2026,451,0.469,-2.158,32.59,-7.897,-1.98
預備80＋RS70＋市場改善,pre80_rs70_market,一般70／領頭90,profit70_90,無失敗停損,none,2023,1502,4.62,6.826,68.64,-13.306,-6.672
預備80＋RS70＋市場改善,pre80_rs70_market,一般70／領頭90,profit70_90,無失敗停損,none,2024,1136,0.707,4.401,57.48,-20.999,-10.882
預備80＋RS70＋市場改善,pre80_rs70_market,一般70／領頭90,profit70_90,無失敗停損,none,2025,667,-1.121,-0.232,49.78,-21.401,-9.325
預備80＋RS70＋市場改善,pre80_rs70_market,一般70／領頭90,profit70_90,無失敗停損,none,2026,451,5.659,8.693,73.84,-15.019,-8.827
預備80＋RS70＋市場改善,pre80_rs70_market,一般70／領頭90,profit70_90,第10日仍未曾+3%,no_launch10_3,2023,1502,3.25,1.805,55.73,-10.11,-4.35
預備80＋RS70＋市場改善,pre80_rs70_market,一般70／領頭90,profit70_90,第10日仍未曾+3%,no_launch10_3,2024,1136,0.557,-0.254,49.74,-16.498,-6.48
預備80＋RS70＋市場改善,pre80_rs70_market,一般70／領頭90,profit70_90,第10日仍未曾+3%,no_launch10_3,2025,667,-0.859,-1.629,41.08,-14.885,-5.065
預備80＋RS70＋市場改善,pre80_rs70_market,一般70／領頭90,profit70_90,第10日仍未曾+3%,no_launch10_3,2026,451,3.928,5.75,61.42,-13.877,-6.713
預備80＋RS70＋市場改善,pre80_rs70_market,一般70／領頭90,profit70_90,第15日仍未曾+5%,no_launch15_5,2023,1502,3.109,1.693,56.46,-9.769,-4.633
預備80＋RS70＋市場改善,pre80_rs70_market,一般70／領頭90,profit70_90,第15日仍未曾+5%,no_launch15_5,2024,1136,0.376,-0.286,49.12,-16.28,-7.107
預備80＋RS70＋市場改善,pre80_rs70_market,一般70／領頭90,profit70_90,第15日仍未曾+5%,no_launch15_5,2025,667,-0.457,-1.332,41.38,-13.85,-5.238
預備80＋RS70＋市場改善,pre80_rs70_market,一般70／領頭90,profit70_90,第15日仍未曾+5%,no_launch15_5,2026,451,4.081,5.495,61.64,-12.979,-7.2
預備80＋RS70＋市場改善,pre80_rs70_market,一般70／領頭90,profit70_90,緊急-8%＋第10日後MA20/右側,hybrid_emergency8_grace10,2023,1502,1.864,0.051,50.33,-8.518,-3.662
預備80＋RS70＋市場改善,pre80_rs70_market,一般70／領頭90,profit70_90,緊急-8%＋第10日後MA20/右側,hybrid_emergency8_grace10,2024,1136,0.201,-1.625,43.31,-10.167,-4.985
預備80＋RS70＋市場改善,pre80_rs70_market,一般70／領頭90,profit70_90,緊急-8%＋第10日後MA20/右側,hybrid_emergency8_grace10,2025,667,0.054,-1.132,40.93,-9.23,-4.04
預備80＋RS70＋市場改善,pre80_rs70_market,一般70／領頭90,profit70_90,緊急-8%＋第10日後MA20/右側,hybrid_emergency8_grace10,2026,451,0.572,-1.7,43.24,-10.279,-4.865
預備80＋RS70＋市場改善,pre80_rs70_market,一般70／領頭90,profit70_90,連續2日跌破MA20,ma20_2,2023,1502,1.661,-0.944,43.28,-6.834,-3.123
預備80＋RS70＋市場改善,pre80_rs70_market,一般70／領頭90,profit70_90,連續2日跌破MA20,ma20_2,2024,1136,0.106,-2.141,36.71,-8.948,-3.437
預備80＋RS70＋市場改善,pre80_rs70_market,一般70／領頭90,profit70_90,連續2日跌破MA20,ma20_2,2025,667,-0.516,-1.865,32.53,-7.612,-3.357
預備80＋RS70＋市場改善,pre80_rs70_market,一般70／領頭90,profit70_90,連續2日跌破MA20,ma20_2,2026,451,0.544,-2.051,36.81,-9.577,-3.073
預備80＋RS70＋市場改善,pre80_rs70_market,一般70／領頭90,profit70_90,連續3日跌破MA20,ma20_3,2023,1502,1.952,-0.781,44.81,-7.219,-3.635
預備80＋RS70＋市場改善,pre80_rs70_market,一般70／領頭90,profit70_90,連續3日跌破MA20,ma20_3,2024,1136,0.261,-2.297,38.38,-10.175,-4.298
預備80＋RS70＋市場改善,pre80_rs70_market,一般70／領頭90,profit70_90,連續3日跌破MA20,ma20_3,2025,667,-0.432,-1.977,34.03,-8.386,-4.106
預備80＋RS70＋市場改善,pre80_rs70_market,一般70／領頭90,profit70_90,連續3日跌破MA20,ma20_3,2026,451,0.877,-1.912,40.8,-10.663,-4.172
預備80＋RS70＋市場改善,pre80_rs70_market,一般80／領頭90,profit80_90,右側自高點回落10分,right_drop10,2023,1502,0.745,-0.585,43.34,-5.159,-1.87
預備80＋RS70＋市場改善,pre80_rs70_market,一般80／領頭90,profit80_90,右側自高點回落10分,right_drop10,2024,1136,-0.141,-1.489,36.09,-6.787,-2.159
預備80＋RS70＋市場改善,pre80_rs70_market,一般80／領頭90,profit80_90,右側自高點回落10分,right_drop10,2025,667,-0.492,-1.19,34.93,-6.395,-2.091
預備80＋RS70＋市場改善,pre80_rs70_market,一般80／領頭90,profit80_90,右側自高點回落10分,right_drop10,2026,451,0.279,-1.26,39.02,-8.113,-2.105
預備80＋RS70＋市場改善,pre80_rs70_market,一般80／領頭90,profit80_90,右側自高點回落15分,right_drop15,2023,1502,0.92,-0.585,45.07,-5.867,-2.467
預備80＋RS70＋市場改善,pre80_rs70_market,一般80／領頭90,profit80_90,右側自高點回落15分,right_drop15,2024,1136,-0.145,-1.46,37.85,-9.072,-2.965
預備80＋RS70＋市場改善,pre80_rs70_market,一般80／領頭90,profit80_90,右側自高點回落15分,right_drop15,2025,667,-0.426,-1.165,37.33,-6.684,-2.507
預備80＋RS70＋市場改善,pre80_rs70_market,一般80／領頭90,profit80_90,右側自高點回落15分,right_drop15,2026,451,0.559,-1.31,39.47,-8.758,-2.797
預備80＋RS70＋市場改善,pre80_rs70_market,一般80／領頭90,profit80_90,右側自高點回落20分,right_drop20,2023,1502,0.99,-0.585,45.21,-6.307,-2.66
預備80＋RS70＋市場改善,pre80_rs70_market,一般80／領頭90,profit80_90,右側自高點回落20分,right_drop20,2024,1136,-0.151,-1.481,38.29,-9.268,-3.341
預備80＋RS70＋市場改善,pre80_rs70_market,一般80／領頭90,profit80_90,右側自高點回落20分,right_drop20,2025,667,-0.519,-1.397,37.63,-7.551,-2.979
預備80＋RS70＋市場改善,pre80_rs70_market,一般80／領頭90,profit80_90,右側自高點回落20分,right_drop20,2026,451,0.701,-1.439,40.13,-8.987,-3.285
預備80＋RS70＋市場改善,pre80_rs70_market,一般80／領頭90,profit80_90,寬限10日→MA20或右側確認,grace10_combo,2023,1502,2.052,0.123,50.67,-7.328,-3.843
預備80＋RS70＋市場改善,pre80_rs70_market,一般80／領頭90,profit80_90,寬限10日→MA20或右側確認,grace10_combo,2024,1136,0.29,-1.411,44.81,-12.147,-5.417
預備80＋RS70＋市場改善,pre80_rs70_market,一般80／領頭90,profit80_90,寬限10日→MA20或右側確認,grace10_combo,2025,667,0.167,-1.119,41.53,-9.201,-4.18
預備80＋RS70＋市場改善,pre80_rs70_market,一般80／領頭90,profit80_90,寬限10日→MA20或右側確認,grace10_combo,2026,451,0.929,-0.979,46.12,-12.171,-5.919
預備80＋RS70＋市場改善,pre80_rs70_market,一般80／領頭90,profit80_90,寬限10日→右側回落15分,grace10_right15,2023,1502,2.056,0.133,50.8,-7.416,-3.864
預備80＋RS70＋市場改善,pre80_rs70_market,一般80／領頭90,profit80_90,寬限10日→右側回落15分,grace10_right15,2024,1136,0.332,-1.332,45.25,-12.147,-5.528
預備80＋RS70＋市場改善,pre80_rs70_market,一般80／領頭90,profit80_90,寬限10日→右側回落15分,grace10_right15,2025,667,0.129,-1.071,41.68,-9.29,-4.181
預備80＋RS70＋市場改善,pre80_rs70_market,一般80／領頭90,profit80_90,寬限10日→右側回落15分,grace10_right15,2026,451,1.03,-0.585,46.78,-12.031,-5.919
預備80＋RS70＋市場改善,pre80_rs70_market,一般80／領頭90,profit80_90,寬限10日→連2日跌破MA20,grace10_ma20_2,2023,1502,2.424,-0.444,48.4,-7.799,-4.565
預備80＋RS70＋市場改善,pre80_rs70_market,一般80／領頭90,profit80_90,寬限10日→連2日跌破MA20,grace10_ma20_2,2024,1136,0.386,-2.181,42.17,-12.348,-6.171
預備80＋RS70＋市場改善,pre80_rs70_market,一般80／領頭90,profit80_90,寬限10日→連2日跌破MA20,grace10_ma20_2,2025,667,-0.02,-1.901,38.08,-9.505,-5.125
預備80＋RS70＋市場改善,pre80_rs70_market,一般80／領頭90,profit80_90,寬限10日→連2日跌破MA20,grace10_ma20_2,2026,451,1.439,-1.164,45.68,-12.485,-6.8
預備80＋RS70＋市場改善,pre80_rs70_market,一般80／領頭90,profit80_90,寬限5日→連2日跌破MA20,grace5_ma20_2,2023,1502,1.844,-0.776,44.94,-7.344,-3.941
預備80＋RS70＋市場改善,pre80_rs70_market,一般80／領頭90,profit80_90,寬限5日→連2日跌破MA20,grace5_ma20_2,2024,1136,0.268,-2.317,38.29,-10.023,-4.95
預備80＋RS70＋市場改善,pre80_rs70_market,一般80／領頭90,profit80_90,寬限5日→連2日跌破MA20,grace5_ma20_2,2025,667,-0.16,-1.958,35.53,-8.168,-4.418
預備80＋RS70＋市場改善,pre80_rs70_market,一般80／領頭90,profit80_90,寬限5日→連2日跌破MA20,grace5_ma20_2,2026,451,0.639,-1.998,38.8,-11.146,-5.147
預備80＋RS70＋市場改善,pre80_rs70_market,一般80／領頭90,profit80_90,收盤跌幅達-3%,hard3,2023,1502,2.231,-3.263,41.08,-5.898,-3.785
預備80＋RS70＋市場改善,pre80_rs70_market,一般80／領頭90,profit80_90,收盤跌幅達-3%,hard3,2024,1136,0.111,-3.838,28.61,-6.909,-3.43
預備80＋RS70＋市場改善,pre80_rs70_market,一般80／領頭90,profit80_90,收盤跌幅達-3%,hard3,2025,667,-0.728,-3.774,26.99,-6.682,-3.749
預備80＋RS70＋市場改善,pre80_rs70_market,一般80／領頭90,profit80_90,收盤跌幅達-3%,hard3,2026,451,0.832,-3.513,31.49,-6.732,-3.125
預備80＋RS70＋市場改善,pre80_rs70_market,一般80／領頭90,profit80_90,收盤跌幅達-5%,hard5,2023,1502,3.119,0.875,51.13,-7.832,-5.355
預備80＋RS70＋市場改善,pre80_rs70_market,一般80／領頭90,profit80_90,收盤跌幅達-5%,hard5,2024,1136,0.206,-5.62,35.48,-8.689,-5.344
預備80＋RS70＋市場改善,pre80_rs70_market,一般80／領頭90,profit80_90,收盤跌幅達-5%,hard5,2025,667,-0.646,-5.263,33.73,-8.95,-5.53
預備80＋RS70＋市場改善,pre80_rs70_market,一般80／領頭90,profit80_90,收盤跌幅達-5%,hard5,2026,451,0.942,-4.758,37.92,-8.479,-5.307
預備80＋RS70＋市場改善,pre80_rs70_market,一般80／領頭90,profit80_90,收盤跌幅達-7%,hard7,2023,1502,3.663,3.74,57.12,-9.289,-6.395
預備80＋RS70＋市場改善,pre80_rs70_market,一般80／領頭90,profit80_90,收盤跌幅達-7%,hard7,2024,1136,0.32,-7.078,41.55,-10.541,-7.085
預備80＋RS70＋市場改善,pre80_rs70_market,一般80／領頭90,profit80_90,收盤跌幅達-7%,hard7,2025,667,-0.831,-6.701,38.68,-10.926,-6.923
預備80＋RS70＋市場改善,pre80_rs70_market,一般80／領頭90,profit80_90,收盤跌幅達-7%,hard7,2026,451,1.432,-4.733,44.12,-10.21,-6.818
預備80＋RS70＋市場改善,pre80_rs70_market,一般80／領頭90,profit80_90,收盤跌幅達-8%,hard8,2023,1502,3.798,4.414,58.99,-10.165,-6.568
預備80＋RS70＋市場改善,pre80_rs70_market,一般80／領頭90,profit80_90,收盤跌幅達-8%,hard8,2024,1136,0.325,-7.455,43.93,-11.351,-7.847
預備80＋RS70＋市場改善,pre80_rs70_market,一般80／領頭90,profit80_90,收盤跌幅達-8%,hard8,2025,667,-0.913,-5.938,40.78,-12.077,-7.668
預備80＋RS70＋市場改善,pre80_rs70_market,一般80／領頭90,profit80_90,收盤跌幅達-8%,hard8,2026,451,1.6,-2.8,46.12,-10.98,-7.456
預備80＋RS70＋市場改善,pre80_rs70_market,一般80／領頭90,profit80_90,收盤跌破訊號日低點,signal_low,2023,1502,1.744,-1.673,35.69,-5.871,-2.577
預備80＋RS70＋市場改善,pre80_rs70_market,一般80／領頭90,profit80_90,收盤跌破訊號日低點,signal_low,2024,1136,0.08,-2.762,28.35,-7.68,-2.613
預備80＋RS70＋市場改善,pre80_rs70_market,一般80／領頭90,profit80_90,收盤跌破訊號日低點,signal_low,2025,667,-0.385,-2.315,26.99,-6.736,-2.518
預備80＋RS70＋市場改善,pre80_rs70_market,一般80／領頭90,profit80_90,收盤跌破訊號日低點,signal_low,2026,451,0.527,-2.256,31.49,-7.929,-2.17
預備80＋RS70＋市場改善,pre80_rs70_market,一般80／領頭90,profit80_90,無失敗停損,none,2023,1502,4.77,6.826,67.91,-13.507,-7.129
預備80＋RS70＋市場改善,pre80_rs70_market,一般80／領頭90,profit80_90,無失敗停損,none,2024,1136,0.808,4.326,56.43,-21.008,-11.305
預備80＋RS70＋市場改善,pre80_rs70_market,一般80／領頭90,profit80_90,無失敗停損,none,2025,667,-1.041,-0.585,49.18,-21.602,-9.747
預備80＋RS70＋市場改善,pre80_rs70_market,一般80／領頭90,profit80_90,無失敗停損,none,2026,451,5.607,8.748,71.62,-17.2,-9.322
預備80＋RS70＋市場改善,pre80_rs70_market,一般80／領頭90,profit80_90,第10日仍未曾+3%,no_launch10_3,2023,1502,3.351,1.786,55.19,-10.154,-4.602
預備80＋RS70＋市場改善,pre80_rs70_market,一般80／領頭90,profit80_90,第10日仍未曾+3%,no_launch10_3,2024,1136,0.627,-0.585,48.77,-16.578,-6.672
預備80＋RS70＋市場改善,pre80_rs70_market,一般80／領頭90,profit80_90,第10日仍未曾+3%,no_launch10_3,2025,667,-0.817,-1.673,40.78,-14.901,-5.263
預備80＋RS70＋市場改善,pre80_rs70_market,一般80／領頭90,profit80_90,第10日仍未曾+3%,no_launch10_3,2026,451,3.947,5.431,59.42,-13.971,-7.101
預備80＋RS70＋市場改善,pre80_rs70_market,一般80／領頭90,profit80_90,第15日仍未曾+5%,no_launch15_5,2023,1502,3.238,1.678,55.93,-9.789,-4.856
預備80＋RS70＋市場改善,pre80_rs70_market,一般80／領頭90,profit80_90,第15日仍未曾+5%,no_launch15_5,2024,1136,0.456,-0.585,48.15,-16.427,-7.33
預備80＋RS70＋市場改善,pre80_rs70_market,一般80／領頭90,profit80_90,第15日仍未曾+5%,no_launch15_5,2025,667,-0.391,-1.429,41.08,-14.236,-5.416
預備80＋RS70＋市場改善,pre80_rs70_market,一般80／領頭90,profit80_90,第15日仍未曾+5%,no_launch15_5,2026,451,4.182,5.24,60.31,-13.016,-7.672
預備80＋RS70＋市場改善,pre80_rs70_market,一般80／領頭90,profit80_90,緊急-8%＋第10日後MA20/右側,hybrid_emergency8_grace10,2023,1502,1.892,-0.017,49.93,-8.535,-3.804
預備80＋RS70＋市場改善,pre80_rs70_market,一般80／領頭90,profit80_90,緊急-8%＋第10日後MA20/右側,hybrid_emergency8_grace10,2024,1136,0.254,-1.816,42.52,-10.167,-5.111
預備80＋RS70＋市場改善,pre80_rs70_market,一般80／領頭90,profit80_90,緊急-8%＋第10日後MA20/右側,hybrid_emergency8_grace10,2025,667,0.097,-1.158,40.63,-9.23,-4.138
預備80＋RS70＋市場改善,pre80_rs70_market,一般80／領頭90,profit80_90,緊急-8%＋第10日後MA20/右側,hybrid_emergency8_grace10,2026,451,0.582,-1.743,42.13,-10.279,-5.147
預備80＋RS70＋市場改善,pre80_rs70_market,一般80／領頭90,profit80_90,連續2日跌破MA20,ma20_2,2023,1502,1.722,-1.021,42.88,-6.834,-3.344
預備80＋RS70＋市場改善,pre80_rs70_market,一般80／領頭90,profit80_90,連續2日跌破MA20,ma20_2,2024,1136,0.133,-2.258,35.92,-9.058,-3.629
預備80＋RS70＋市場改善,pre80_rs70_market,一般80／領頭90,profit80_90,連續2日跌破MA20,ma20_2,2025,667,-0.498,-1.888,32.38,-7.612,-3.465
預備80＋RS70＋市場改善,pre80_rs70_market,一般80／領頭90,profit80_90,連續2日跌破MA20,ma20_2,2026,451,0.585,-2.162,35.7,-9.577,-3.313
預備80＋RS70＋市場改善,pre80_rs70_market,一般80／領頭90,profit80_90,連續3日跌破MA20,ma20_3,2023,1502,2.046,-0.868,44.54,-7.235,-3.806
預備80＋RS70＋市場改善,pre80_rs70_market,一般80／領頭90,profit80_90,連續3日跌破MA20,ma20_3,2024,1136,0.314,-2.413,37.68,-10.236,-4.441
預備80＋RS70＋市場改善,pre80_rs70_market,一般80／領頭90,profit80_90,連續3日跌破MA20,ma20_3,2025,667,-0.368,-2.065,33.88,-8.386,-4.264
預備80＋RS70＋市場改善,pre80_rs70_market,一般80／領頭90,profit80_90,連續3日跌破MA20,ma20_3,2026,451,0.855,-2.051,39.02,-10.672,-4.483
