進場情境,進場代碼,獲利模式,獲利代碼,失敗規則,失敗代碼,樣本數,平均淨報酬%,中位淨報酬%,勝率%,10分位淨報酬%,5分位淨報酬%,中位MAE%,中位最大回撤%,中位持有日,失敗停損率%,獲利成功退出率%,固定到期率%,停損後回到進場價率%,停損後達原進場+5率%,停損後自退出價反彈5率%,停損早於後續獲利訊號率%,年度有效年數,年度正中位報酬率%,最差年度中位報酬%,基準中位淨報酬%,基準平均淨報酬%,基準勝率%,基準10分位淨報酬%,基準中位最大回撤%,中位報酬改善pp,平均報酬改善pp,勝率改善pp,10分位改善pp,最大回撤改善pp,情境綜合分數,情境排名
右側65＋市場改善,right65_market,一般70／領頭90,profit70_90,收盤跌幅達-8%,hard8,7464,1.296,0.824,51.54,-10.342,-11.724,-5.861,-6.586,20.0,36.92,41.55,21.53,28.48,15.13,53.3,20.65,4,25.0,-7.302,3.514,1.833,59.55,-14.863,-7.066,-2.69,-0.537,-8.01,4.521,0.48,63.23,1
右側65＋市場改善,right65_market,一般70／領頭90,profit70_90,收盤跌幅達-7%,hard7,7464,1.227,-0.153,49.69,-9.59,-10.829,-5.861,-6.267,18.0,40.46,39.97,19.57,31.69,17.02,52.25,22.75,4,25.0,-7.008,3.514,1.833,59.55,-14.863,-7.066,-3.667,-0.606,-9.86,5.273,0.799,62.61,2
右側65＋市場改善,right65_market,一般70／領頭90,profit70_90,第15日仍未曾+5%,no_launch15_5,7464,1.19,-0.107,49.28,-10.241,-14.01,-4.087,-4.266,15.0,50.39,36.12,13.49,64.64,30.98,43.18,25.9,4,25.0,-1.602,3.514,1.833,59.55,-14.863,-7.066,-3.621,-0.643,-10.27,4.622,2.8,60.9,3
右側65＋市場改善,right65_market,一般70／領頭90,profit70_90,寬限10日→MA20或右側確認,grace10_combo,7464,0.765,-0.585,45.65,-7.712,-10.37,-3.103,-3.414,11.0,72.23,27.77,0.0,72.49,39.34,46.23,29.62,4,25.0,-1.742,3.514,1.833,59.55,-14.863,-7.066,-4.099,-1.068,-13.9,7.151,3.652,56.61,4
右側65＋市場改善,right65_market,一般70／領頭90,profit70_90,寬限10日→右側回落15分,grace10_right15,7464,0.77,-0.585,45.85,-7.736,-10.495,-3.109,-3.43,11.0,72.11,27.88,0.01,72.5,39.46,46.38,29.52,4,25.0,-1.651,3.514,1.833,59.55,-14.863,-7.066,-4.099,-1.063,-13.7,7.127,3.636,56.56,5
右側65＋市場改善,right65_market,一般70／領頭90,profit70_90,第10日仍未曾+3%,no_launch10_3,7464,1.064,-0.471,46.64,-10.462,-14.982,-3.942,-3.97,10.0,43.34,36.5,20.16,68.53,31.59,45.75,29.24,4,25.0,-1.789,3.514,1.833,59.55,-14.863,-7.066,-3.985,-0.769,-12.91,4.401,3.096,56.25,6
右側65＋市場改善,right65_market,一般70／領頭90,profit70_90,無失敗停損,none,7464,1.833,3.514,59.55,-14.863,-20.56,-5.861,-7.066,60.0,0.0,49.17,50.83,,,,,4,75.0,-1.458,3.514,1.833,59.55,-14.863,-7.066,0.0,0.0,0.0,0.0,0.0,54.86,7
右側65＋市場改善,right65_market,一般70／領頭90,profit70_90,緊急-8%＋第10日後MA20/右側,hybrid_emergency8_grace10,7464,0.707,-0.585,44.98,-8.472,-9.836,-3.103,-3.39,11.0,72.8,27.2,0.0,72.18,39.11,46.95,30.18,4,25.0,-1.928,3.514,1.833,59.55,-14.863,-7.066,-4.099,-1.126,-14.57,6.391,3.676,53.33,8
右側65＋市場改善,right65_market,一般70／領頭90,profit70_90,右側自高點回落15分,right_drop15,7464,0.184,-0.947,37.96,-5.506,-7.595,-2.057,-1.795,4.0,80.36,19.63,0.01,80.94,44.36,50.18,36.76,4,0.0,-1.392,3.514,1.833,59.55,-14.863,-7.066,-4.461,-1.649,-21.59,9.357,5.271,51.55,9
右側65＋市場改善,right65_market,一般70／領頭90,profit70_90,右側自高點回落20分,right_drop20,7464,0.215,-0.964,38.57,-5.989,-7.982,-2.192,-2.003,5.0,79.38,20.59,0.03,79.65,43.68,49.96,36.0,4,0.0,-1.487,3.514,1.833,59.55,-14.863,-7.066,-4.478,-1.618,-20.98,8.874,5.063,49.84,10
右側65＋市場改善,right65_market,一般70／領頭90,profit70_90,右側自高點回落10分,right_drop10,7464,0.1,-0.974,36.75,-5.133,-6.752,-1.948,-1.553,4.0,82.03,17.97,0.0,82.39,45.24,50.35,38.04,4,0.0,-1.416,3.514,1.833,59.55,-14.863,-7.066,-4.488,-1.733,-22.8,9.73,5.513,49.72,11
右側65＋市場改善,right65_market,一般70／領頭90,profit70_90,收盤跌破訊號日低點,signal_low,7464,0.591,-1.949,31.34,-6.134,-7.795,-2.532,-2.434,5.0,69.01,26.3,4.69,70.43,33.66,48.65,33.14,4,0.0,-2.331,3.514,1.833,59.55,-14.863,-7.066,-5.463,-1.242,-28.21,8.729,4.632,48.56,12
右側65＋市場改善,right65_market,一般70／領頭90,profit70_90,收盤跌幅達-5%,hard5,7464,1.059,-3.469,44.47,-7.839,-8.993,-5.276,-5.204,13.0,49.64,35.65,14.71,42.54,23.02,51.04,27.23,4,25.0,-5.553,3.514,1.833,59.55,-14.863,-7.066,-6.983,-0.774,-15.08,7.024,1.862,46.39,13
右側65＋市場改善,right65_market,一般70／領頭90,profit70_90,寬限10日→連2日跌破MA20,grace10_ma20_2,7464,0.914,-1.093,42.81,-8.115,-10.834,-3.397,-4.049,11.0,67.74,31.91,0.35,66.73,33.31,44.68,25.47,4,0.0,-1.94,3.514,1.833,59.55,-14.863,-7.066,-4.607,-0.919,-16.74,6.748,3.017,46.31,14
右側65＋市場改善,right65_market,一般70／領頭90,profit70_90,寬限5日→連2日跌破MA20,grace5_ma20_2,7464,0.638,-1.401,38.96,-7.177,-9.32,-3.049,-3.503,8.0,71.15,28.62,0.23,70.36,35.85,47.11,28.88,4,0.0,-2.208,3.514,1.833,59.55,-14.863,-7.066,-4.915,-1.195,-20.59,7.686,3.563,45.97,15
右側65＋市場改善,right65_market,一般70／領頭90,profit70_90,連續2日跌破MA20,ma20_2,7464,0.519,-1.454,36.87,-6.725,-8.37,-2.783,-3.007,7.0,72.95,26.82,0.23,72.4,37.25,47.22,30.63,4,0.0,-2.198,3.514,1.833,59.55,-14.863,-7.066,-4.968,-1.314,-22.68,8.138,4.059,45.05,16
右側65＋市場改善,right65_market,一般70／領頭90,profit70_90,連續3日跌破MA20,ma20_3,7464,0.631,-1.53,38.68,-7.339,-9.492,-3.131,-3.523,8.0,70.46,29.09,0.46,68.95,34.91,47.04,28.5,4,0.0,-2.423,3.514,1.833,59.55,-14.863,-7.066,-5.044,-1.202,-20.87,7.524,3.543,44.07,17
右側65＋市場改善,right65_market,一般70／領頭90,profit70_90,收盤跌幅達-3%,hard3,7464,0.784,-3.422,36.32,-6.0,-7.16,-3.713,-3.698,7.0,61.2,29.22,9.58,57.95,30.14,50.61,32.6,4,0.0,-3.79,3.514,1.833,59.55,-14.863,-7.066,-6.936,-1.049,-23.23,8.863,3.368,44.02,18
右側65＋市場改善,right65_market,一般80／領頭90,profit80_90,收盤跌幅達-8%,hard8,7464,1.425,-0.086,49.83,-10.45,-11.879,-6.168,-7.08,23.0,38.46,37.54,24.0,28.6,15.22,53.36,17.83,4,25.0,-7.776,3.284,2.024,58.0,-15.122,-7.771,-3.37,-0.599,-8.17,4.672,0.691,63.32,1
右側65＋市場改善,right65_market,一般80／領頭90,profit80_90,第15日仍未曾+5%,no_launch15_5,7464,1.341,-0.304,48.02,-10.618,-14.363,-4.31,-4.679,15.0,50.71,33.16,16.13,64.62,30.99,43.25,22.17,4,25.0,-1.704,3.284,2.024,58.0,-15.122,-7.771,-3.588,-0.683,-9.98,4.504,3.092,61.17,2
右側65＋市場改善,right65_market,一般80／領頭90,profit80_90,寬限10日→MA20或右側確認,grace10_combo,7464,0.829,-0.585,44.82,-7.766,-10.388,-3.17,-3.635,11.0,75.27,24.73,0.0,73.12,40.49,46.48,26.13,4,25.0,-1.899,3.284,2.024,58.0,-15.122,-7.771,-3.869,-1.195,-13.18,7.356,4.136,60.57,3
右側65＋市場改善,right65_market,一般80／領頭90,profit80_90,寬限10日→右側回落15分,grace10_right15,7464,0.835,-0.585,45.02,-7.775,-10.59,-3.176,-3.657,11.0,75.15,24.84,0.01,73.13,40.61,46.62,26.03,4,25.0,-1.78,3.284,2.024,58.0,-15.122,-7.771,-3.869,-1.189,-12.98,7.347,4.114,60.45,4
右側65＋市場改善,right65_market,一般80／領頭90,profit80_90,收盤跌幅達-7%,hard7,7464,1.347,-1.067,47.98,-9.649,-10.894,-6.168,-6.625,20.0,42.11,36.04,21.85,31.85,17.09,52.24,19.85,4,25.0,-7.314,3.284,2.024,58.0,-15.122,-7.771,-4.351,-0.677,-10.02,5.473,1.146,57.92,5
右側65＋市場改善,right65_market,一般80／領頭90,profit80_90,無失敗停損,none,7464,2.024,3.284,58.0,-15.122,-20.763,-6.168,-7.771,60.0,0.0,44.4,55.6,,,,,4,75.0,-2.042,3.284,2.024,58.0,-15.122,-7.771,0.0,0.0,0.0,0.0,0.0,54.86,6
右側65＋市場改善,right65_market,一般80／領頭90,profit80_90,右側自高點回落15分,right_drop15,7464,0.233,-0.991,37.37,-5.531,-7.609,-2.083,-1.942,4.0,82.68,17.31,0.01,81.23,45.1,50.28,32.77,4,0.0,-1.471,3.284,2.024,58.0,-15.122,-7.771,-4.275,-1.791,-20.63,9.591,5.829,53.1,7
右側65＋市場改善,right65_market,一般80／領頭90,profit80_90,右側自高點回落10分,right_drop10,7464,0.142,-1.009,36.21,-5.15,-6.76,-1.962,-1.655,4.0,84.26,15.74,0.0,82.62,45.92,50.45,34.01,4,0.0,-1.471,3.284,2.024,58.0,-15.122,-7.771,-4.293,-1.882,-21.79,9.972,6.116,52.72,8
右側65＋市場改善,right65_market,一般80／領頭90,profit80_90,右側自高點回落20分,right_drop20,7464,0.271,-1.014,37.94,-6.005,-8.012,-2.225,-2.174,5.0,81.81,18.17,0.03,79.95,44.46,50.11,32.07,4,0.0,-1.615,3.284,2.024,58.0,-15.122,-7.771,-4.298,-1.753,-20.06,9.117,5.597,52.58,9
右側65＋市場改善,right65_market,一般80／領頭90,profit80_90,第10日仍未曾+3%,no_launch10_3,7464,1.19,-0.585,45.34,-10.959,-15.403,-4.142,-4.329,10.0,43.48,33.32,23.2,68.51,31.62,45.73,25.49,4,0.0,-2.051,3.284,2.024,58.0,-15.122,-7.771,-3.869,-0.834,-12.66,4.163,3.442,52.54,10
右側65＋市場改善,right65_market,一般80／領頭90,profit80_90,緊急-8%＋第10日後MA20/右側,hybrid_emergency8_grace10,7464,0.769,-0.585,44.15,-8.499,-9.852,-3.17,-3.615,11.0,75.83,24.17,0.0,72.83,40.28,47.17,26.68,4,0.0,-2.044,3.284,2.024,58.0,-15.122,-7.771,-3.869,-1.255,-13.85,6.623,4.156,51.38,11
右側65＋市場改善,right65_market,一般80／領頭90,profit80_90,收盤跌破訊號日低點,signal_low,7464,0.687,-2.029,30.05,-6.206,-7.929,-2.592,-2.673,5.0,70.54,23.91,5.55,70.26,33.56,48.7,29.04,4,0.0,-2.406,3.284,2.024,58.0,-15.122,-7.771,-5.313,-1.337,-27.95,8.916,5.098,49.33,12
右側65＋市場改善,right65_market,一般80／領頭90,profit80_90,寬限10日→連2日跌破MA20,grace10_ma20_2,7464,0.993,-1.227,41.71,-8.171,-10.876,-3.448,-4.323,11.0,70.99,28.58,0.43,67.64,34.69,45.07,22.29,4,0.0,-2.086,3.284,2.024,58.0,-15.122,-7.771,-4.511,-1.031,-16.29,6.951,3.448,48.2,13
右側65＋市場改善,right65_market,一般80／領頭90,profit80_90,連續2日跌破MA20,ma20_2,7464,0.586,-1.528,35.88,-6.793,-8.477,-2.835,-3.234,7.0,75.79,23.9,0.31,72.88,38.18,47.39,27.05,4,0.0,-2.252,3.284,2.024,58.0,-15.122,-7.771,-4.812,-1.438,-22.12,8.329,4.537,48.08,14
右側65＋市場改善,right65_market,一般80／領頭90,profit80_90,寬限5日→連2日跌破MA20,grace5_ma20_2,7464,0.708,-1.49,37.92,-7.237,-9.373,-3.099,-3.747,8.0,74.13,25.56,0.31,70.97,36.92,47.35,25.41,4,0.0,-2.384,3.284,2.024,58.0,-15.122,-7.771,-4.774,-1.316,-20.08,7.885,4.024,47.97,15
右側65＋市場改善,right65_market,一般80／領頭90,profit80_90,收盤跌幅達-3%,hard3,7464,0.885,-3.497,34.77,-6.05,-7.263,-3.759,-3.961,8.0,62.9,26.1,11.0,58.02,30.14,50.71,29.09,4,0.0,-3.828,3.284,2.024,58.0,-15.122,-7.771,-6.781,-1.139,-23.23,9.072,3.81,46.94,16
右側65＋市場改善,right65_market,一般80／領頭90,profit80_90,連續3日跌破MA20,ma20_3,7464,0.726,-1.644,37.57,-7.397,-9.553,-3.211,-3.784,9.0,73.33,26.1,0.58,69.5,35.81,47.27,24.96,4,0.0,-2.702,3.284,2.024,58.0,-15.122,-7.771,-4.928,-1.298,-20.43,7.725,3.987,46.09,17
右側65＋市場改善,right65_market,一般80／領頭90,profit80_90,收盤跌幅達-5%,hard5,7464,1.176,-4.176,42.81,-7.892,-9.034,-5.372,-5.503,14.0,51.3,32.01,16.69,42.57,23.01,51.01,24.16,4,25.0,-5.591,3.284,2.024,58.0,-15.122,-7.771,-7.46,-0.848,-15.19,7.23,2.268,45.31,18
正式鴨嘴新進＋市場改善,duck_new_market,一般70／領頭90,profit70_90,收盤跌幅達-7%,hard7,6408,1.169,0.024,50.09,-9.444,-10.71,-5.714,-6.205,19.0,39.5,39.36,21.15,30.19,16.08,50.53,22.05,4,25.0,-7.25,3.394,1.687,59.49,-14.315,-6.936,-3.37,-0.518,-9.4,4.871,0.731,64.05,1
正式鴨嘴新進＋市場改善,duck_new_market,一般70／領頭90,profit70_90,收盤跌幅達-8%,hard8,6408,1.221,0.997,51.94,-10.276,-11.602,-5.714,-6.518,21.0,35.88,40.92,23.21,27.4,14.01,51.94,19.92,4,25.0,-7.696,3.394,1.687,59.49,-14.315,-6.936,-2.397,-0.466,-7.55,4.039,0.418,62.08,2
正式鴨嘴新進＋市場改善,duck_new_market,一般70／領頭90,profit70_90,第15日仍未曾+5%,no_launch15_5,6408,0.997,-0.125,49.17,-9.8,-13.479,-3.938,-4.087,15.0,52.36,34.47,13.17,65.66,31.18,42.47,25.96,4,25.0,-2.001,3.394,1.687,59.49,-14.315,-6.936,-3.519,-0.69,-10.32,4.515,2.849,60.23,3
正式鴨嘴新進＋市場改善,duck_new_market,一般70／領頭90,profit70_90,寬限10日→右側回落15分,grace10_right15,6408,0.636,-0.585,45.58,-7.411,-10.22,-3.021,-3.306,11.0,73.53,26.45,0.02,73.24,38.92,44.67,29.39,4,25.0,-1.928,3.394,1.687,59.49,-14.315,-6.936,-3.979,-1.051,-13.91,6.904,3.63,56.67,4
正式鴨嘴新進＋市場改善,duck_new_market,一般70／領頭90,profit70_90,寬限10日→MA20或右側確認,grace10_combo,6408,0.628,-0.585,45.43,-7.41,-10.171,-3.019,-3.293,11.0,73.63,26.37,0.0,73.21,38.94,44.7,29.46,4,25.0,-1.94,3.394,1.687,59.49,-14.315,-6.936,-3.979,-1.059,-14.06,6.905,3.643,56.48,5
正式鴨嘴新進＋市場改善,duck_new_market,一般70／領頭90,profit70_90,無失敗停損,none,6408,1.687,3.394,59.49,-14.315,-20.082,-5.714,-6.936,60.0,0.0,48.06,51.94,,,,,4,75.0,-2.275,3.394,1.687,59.49,-14.315,-6.936,0.0,0.0,0.0,0.0,0.0,54.86,6
正式鴨嘴新進＋市場改善,duck_new_market,一般70／領頭90,profit70_90,第10日仍未曾+3%,no_launch10_3,6408,0.856,-0.585,45.77,-10.046,-14.275,-3.787,-3.764,10.0,45.26,34.68,20.07,69.97,31.79,45.07,29.59,4,25.0,-2.154,3.394,1.687,59.49,-14.315,-6.936,-3.979,-0.831,-13.72,4.269,3.172,54.75,7
正式鴨嘴新進＋市場改善,duck_new_market,一般70／領頭90,profit70_90,緊急-8%＋第10日後MA20/右側,hybrid_emergency8_grace10,6408,0.591,-0.585,44.98,-8.275,-9.729,-3.019,-3.276,11.0,73.97,26.03,0.0,72.83,38.65,45.46,29.79,4,25.0,-2.044,3.394,1.687,59.49,-14.315,-6.936,-3.979,-1.096,-14.51,6.04,3.66,54.45,8
正式鴨嘴新進＋市場改善,duck_new_market,一般70／領頭90,profit70_90,右側自高點回落15分,right_drop15,6408,0.126,-0.982,37.16,-5.059,-6.751,-1.955,-1.667,4.0,81.55,18.43,0.02,81.53,43.36,48.47,36.34,4,0.0,-1.422,3.394,1.687,59.49,-14.315,-6.936,-4.376,-1.561,-22.33,9.256,5.269,52.07,9
正式鴨嘴新進＋市場改善,duck_new_market,一般70／領頭90,profit70_90,右側自高點回落10分,right_drop10,6408,0.072,-0.988,36.27,-4.902,-6.376,-1.876,-1.464,4.0,82.66,17.34,0.0,82.48,43.93,48.78,37.17,4,0.0,-1.473,3.394,1.687,59.49,-14.315,-6.936,-4.382,-1.615,-23.22,9.413,5.472,51.64,10
正式鴨嘴新進＋市場改善,duck_new_market,一般70／領頭90,profit70_90,右側自高點回落20分,right_drop20,6408,0.143,-0.968,38.05,-5.381,-7.154,-2.062,-1.802,4.0,81.04,18.93,0.03,80.76,43.29,48.57,35.95,4,0.0,-1.457,3.394,1.687,59.49,-14.315,-6.936,-4.362,-1.544,-21.44,8.934,5.134,51.57,11
正式鴨嘴新進＋市場改善,duck_new_market,一般70／領頭90,profit70_90,收盤跌破訊號日低點,signal_low,6408,0.479,-1.922,30.32,-5.732,-7.398,-2.423,-2.308,4.0,70.32,24.92,4.76,70.82,33.58,47.98,32.91,4,0.0,-2.334,3.394,1.687,59.49,-14.315,-6.936,-5.316,-1.208,-29.17,8.583,4.628,48.7,12
正式鴨嘴新進＋市場改善,duck_new_market,一般70／領頭90,profit70_90,收盤跌幅達-5%,hard5,6408,0.981,-3.347,44.88,-7.786,-8.902,-5.254,-5.233,14.0,49.05,35.13,15.82,40.69,21.57,49.41,26.38,4,25.0,-5.691,3.394,1.687,59.49,-14.315,-6.936,-6.741,-0.706,-14.61,6.529,1.703,46.8,13
正式鴨嘴新進＋市場改善,duck_new_market,一般70／領頭90,profit70_90,寬限10日→連2日跌破MA20,grace10_ma20_2,6408,0.813,-1.136,42.34,-7.831,-10.362,-3.279,-3.896,11.0,68.88,30.71,0.41,67.81,32.99,43.45,25.19,4,0.0,-2.187,3.394,1.687,59.49,-14.315,-6.936,-4.53,-0.874,-17.15,6.484,3.04,46.27,14
正式鴨嘴新進＋市場改善,duck_new_market,一般70／領頭90,profit70_90,連續2日跌破MA20,ma20_2,6408,0.45,-1.494,36.16,-6.421,-7.956,-2.714,-2.928,7.0,74.08,25.64,0.28,73.08,36.61,46.28,30.27,4,0.0,-2.312,3.394,1.687,59.49,-14.315,-6.936,-4.888,-1.237,-23.33,7.894,4.008,45.16,15
正式鴨嘴新進＋市場改善,duck_new_market,一般70／領頭90,profit70_90,寬限5日→連2日跌破MA20,grace5_ma20_2,6408,0.51,-1.478,38.06,-6.97,-8.864,-2.954,-3.394,8.0,72.44,27.28,0.28,71.26,35.5,46.32,28.69,4,0.0,-2.428,3.394,1.687,59.49,-14.315,-6.936,-4.872,-1.177,-21.43,7.345,3.542,44.48,16
正式鴨嘴新進＋市場改善,duck_new_market,一般70／領頭90,profit70_90,收盤跌幅達-3%,hard3,6408,0.726,-3.407,36.42,-5.881,-7.074,-3.675,-3.704,8.0,60.97,28.65,10.38,56.82,29.2,49.19,31.84,4,0.0,-3.896,3.394,1.687,59.49,-14.315,-6.936,-6.801,-0.961,-23.07,8.434,3.232,44.03,17
正式鴨嘴新進＋市場改善,duck_new_market,一般70／領頭90,profit70_90,連續3日跌破MA20,ma20_3,6408,0.551,-1.581,38.16,-7.014,-8.872,-3.055,-3.463,8.0,71.46,28.0,0.55,69.49,34.07,45.82,28.08,4,0.0,-2.762,3.394,1.687,59.49,-14.315,-6.936,-4.975,-1.136,-21.33,7.301,3.473,43.87,18
正式鴨嘴新進＋市場改善,duck_new_market,一般80／領頭90,profit80_90,收盤跌幅達-8%,hard8,6408,1.362,0.021,50.09,-10.383,-11.74,-6.012,-6.993,24.0,37.41,36.67,25.92,27.58,14.1,51.98,16.81,4,25.0,-7.918,3.229,1.914,57.88,-14.749,-7.58,-3.208,-0.552,-7.79,4.366,0.587,62.49,1
正式鴨嘴新進＋市場改善,duck_new_market,一般80／領頭90,profit80_90,第15日仍未曾+5%,no_launch15_5,6408,1.166,-0.32,47.82,-10.144,-13.771,-4.115,-4.459,15.0,52.73,31.38,15.89,65.61,31.16,42.5,21.96,4,25.0,-2.211,3.229,1.914,57.88,-14.749,-7.58,-3.549,-0.748,-10.06,4.605,3.121,61.49,2
正式鴨嘴新進＋市場改善,duck_new_market,一般80／領頭90,profit80_90,收盤跌幅達-7%,hard7,6408,1.299,-0.938,48.25,-9.542,-10.766,-6.012,-6.569,21.0,41.14,35.19,23.67,30.42,16.12,50.61,18.89,4,25.0,-7.449,3.229,1.914,57.88,-14.749,-7.58,-4.167,-0.615,-9.63,5.207,1.011,59.46,3
正式鴨嘴新進＋市場改善,duck_new_market,一般80／領頭90,profit80_90,寬限10日→右側回落15分,grace10_right15,6408,0.705,-0.585,44.68,-7.474,-10.227,-3.067,-3.524,11.0,76.67,23.31,0.02,73.8,40.18,45.02,25.63,4,25.0,-2.038,3.229,1.914,57.88,-14.749,-7.58,-3.814,-1.209,-13.2,7.275,4.056,59.4,4
正式鴨嘴新進＋市場改善,duck_new_market,一般80／領頭90,profit80_90,寬限10日→MA20或右側確認,grace10_combo,6408,0.696,-0.585,44.52,-7.474,-10.175,-3.065,-3.509,11.0,76.76,23.24,0.0,73.78,40.19,45.05,25.7,4,25.0,-2.052,3.229,1.914,57.88,-14.749,-7.58,-3.814,-1.218,-13.36,7.275,4.071,59.35,5
正式鴨嘴新進＋市場改善,duck_new_market,一般80／領頭90,profit80_90,無失敗停損,none,6408,1.914,3.229,57.88,-14.749,-20.424,-6.012,-7.58,60.0,0.0,42.96,57.04,,,,,4,75.0,-2.93,3.229,1.914,57.88,-14.749,-7.58,0.0,0.0,0.0,0.0,0.0,54.86,6
正式鴨嘴新進＋市場改善,duck_new_market,一般80／領頭90,profit80_90,右側自高點回落20分,right_drop20,6408,0.196,-1.019,37.33,-5.403,-7.186,-2.099,-1.951,5.0,83.44,16.53,0.03,81.0,44.04,48.7,31.68,4,0.0,-1.648,3.229,1.914,57.88,-14.749,-7.58,-4.248,-1.718,-20.55,9.346,5.629,54.83,7
正式鴨嘴新進＋市場改善,duck_new_market,一般80／領頭90,profit80_90,右側自高點回落15分,right_drop15,6408,0.173,-1.021,36.47,-5.101,-6.752,-1.977,-1.789,4.0,83.86,16.12,0.02,81.75,44.1,48.55,32.01,4,0.0,-1.486,3.229,1.914,57.88,-14.749,-7.58,-4.25,-1.741,-21.41,9.648,5.791,54.08,8
正式鴨嘴新進＋市場改善,duck_new_market,一般80／領頭90,profit80_90,右側自高點回落10分,right_drop10,6408,0.109,-1.021,35.63,-4.933,-6.391,-1.902,-1.575,4.0,84.93,15.07,0.0,82.65,44.65,48.84,32.84,4,0.0,-1.575,3.229,1.914,57.88,-14.749,-7.58,-4.25,-1.805,-22.25,9.816,6.005,53.12,9
正式鴨嘴新進＋市場改善,duck_new_market,一般80／領頭90,profit80_90,緊急-8%＋第10日後MA20/右側,hybrid_emergency8_grace10,6408,0.656,-0.585,44.07,-8.318,-9.767,-3.065,-3.492,11.0,77.09,22.91,0.0,73.42,39.92,45.79,26.01,4,0.0,-2.143,3.229,1.914,57.88,-14.749,-7.58,-3.814,-1.258,-13.81,6.431,4.088,51.36,10
正式鴨嘴新進＋市場改善,duck_new_market,一般80／領頭90,profit80_90,第10日仍未曾+3%,no_launch10_3,6408,1.005,-0.685,44.4,-10.503,-14.834,-3.988,-4.167,10.0,45.4,31.34,23.27,69.92,31.8,45.03,25.61,4,0.0,-2.32,3.229,1.914,57.88,-14.749,-7.58,-3.914,-0.909,-13.48,4.246,3.413,50.81,11
正式鴨嘴新進＋市場改善,duck_new_market,一般80／領頭90,profit80_90,收盤跌破訊號日低點,signal_low,6408,0.577,-2.007,28.95,-5.842,-7.555,-2.483,-2.521,5.0,71.88,22.43,5.7,70.69,33.52,48.07,28.57,4,0.0,-2.45,3.229,1.914,57.88,-14.749,-7.58,-5.236,-1.337,-28.93,8.907,5.059,48.88,12
正式鴨嘴新進＋市場改善,duck_new_market,一般80／領頭90,profit80_90,連續2日跌破MA20,ma20_2,6408,0.514,-1.566,35.08,-6.5,-8.024,-2.769,-3.168,7.0,77.03,22.6,0.37,73.52,37.64,46.54,26.44,4,0.0,-2.334,3.229,1.914,57.88,-14.749,-7.58,-4.795,-1.4,-22.8,8.249,4.412,47.3,13
正式鴨嘴新進＋市場改善,duck_new_market,一般80／領頭90,profit80_90,寬限10日→連2日跌破MA20,grace10_ma20_2,6408,0.901,-1.268,41.15,-7.885,-10.383,-3.342,-4.185,11.0,72.27,27.23,0.5,68.65,34.46,43.94,21.77,4,0.0,-2.353,3.229,1.914,57.88,-14.749,-7.58,-4.497,-1.013,-16.73,6.864,3.395,47.14,14
正式鴨嘴新進＋市場改善,duck_new_market,一般80／領頭90,profit80_90,寬限5日→連2日跌破MA20,grace5_ma20_2,6408,0.582,-1.552,36.94,-7.01,-8.911,-3.022,-3.623,8.0,75.53,24.09,0.37,71.82,36.65,46.63,24.98,4,0.0,-2.612,3.229,1.914,57.88,-14.749,-7.58,-4.781,-1.332,-20.94,7.739,3.957,46.15,15
正式鴨嘴新進＋市場改善,duck_new_market,一般80／領頭90,profit80_90,收盤跌幅達-3%,hard3,6408,0.831,-3.484,34.78,-5.935,-7.194,-3.734,-3.967,8.0,62.66,25.39,11.95,56.86,29.22,49.27,28.04,4,0.0,-3.943,3.229,1.914,57.88,-14.749,-7.58,-6.713,-1.083,-23.1,8.814,3.613,46.06,16
正式鴨嘴新進＋市場改善,duck_new_market,一般80／領頭90,profit80_90,連續3日跌破MA20,ma20_3,6408,0.648,-1.687,36.94,-7.076,-8.944,-3.117,-3.695,9.0,74.45,24.86,0.69,70.05,35.11,46.11,24.31,4,0.0,-2.917,3.229,1.914,57.88,-14.749,-7.58,-4.916,-1.266,-20.94,7.673,3.885,45.55,17
正式鴨嘴新進＋市場改善,duck_new_market,一般80／領頭90,profit80_90,收盤跌幅達-5%,hard5,6408,1.104,-4.066,43.09,-7.848,-8.998,-5.353,-5.508,15.0,50.7,31.3,17.99,40.72,21.58,49.34,22.99,4,25.0,-5.734,3.229,1.914,57.88,-14.749,-7.58,-7.295,-0.81,-14.79,6.901,2.072,44.43,18
預備80＋RS70＋市場改善,pre80_rs70_market,一般70／領頭90,profit70_90,無失敗停損,none,3756,2.542,5.522,62.54,-17.921,-23.992,-7.024,-8.506,42.0,0.0,56.52,43.48,,,,,4,75.0,-0.232,5.522,2.542,62.54,-17.921,-8.506,0.0,0.0,0.0,0.0,0.0,54.86,1
預備80＋RS70＋市場改善,pre80_rs70_market,一般70／領頭90,profit70_90,收盤跌幅達-8%,hard8,3756,1.574,0.44,50.67,-10.84,-12.321,-7.024,-7.061,13.0,43.13,45.15,11.71,35.99,21.54,60.68,26.36,4,25.0,-7.208,5.522,2.542,62.54,-17.921,-8.506,-5.082,-0.968,-11.87,7.081,1.445,52.45,2
預備80＋RS70＋市場改善,pre80_rs70_market,一般70／領頭90,profit70_90,第15日仍未曾+5%,no_launch15_5,3756,1.766,0.604,52.18,-13.28,-17.493,-5.51,-5.591,15.0,40.71,44.28,15.02,61.22,33.75,54.15,30.09,4,50.0,-1.332,5.522,2.542,62.54,-17.921,-8.506,-4.918,-0.776,-10.36,4.641,2.915,52.17,3
預備80＋RS70＋市場改善,pre80_rs70_market,一般70／領頭90,profit70_90,第10日仍未曾+3%,no_launch10_3,3756,1.787,0.581,52.0,-13.658,-19.048,-5.305,-5.207,10.0,34.32,45.23,20.45,63.77,34.13,55.31,32.89,4,50.0,-1.629,5.522,2.542,62.54,-17.921,-8.506,-4.941,-0.755,-10.54,4.263,3.299,51.36,4
預備80＋RS70＋市場改善,pre80_rs70_market,一般70／領頭90,profit70_90,收盤跌幅達-7%,hard7,3756,1.51,-0.999,48.56,-10.027,-11.448,-7.02,-6.505,11.0,46.22,43.45,10.33,41.01,23.5,61.0,28.28,4,25.0,-6.892,5.522,2.542,62.54,-17.921,-8.506,-6.521,-1.032,-13.98,7.894,2.001,50.38,5
預備80＋RS70＋市場改善,pre80_rs70_market,一般70／領頭90,profit70_90,收盤跌幅達-5%,hard5,3756,1.237,-4.711,42.71,-8.313,-9.664,-5.619,-5.149,8.0,54.26,38.31,7.43,51.18,30.27,60.11,33.56,4,25.0,-5.538,5.522,2.542,62.54,-17.921,-8.506,-10.233,-1.305,-19.83,9.608,3.357,48.17,6
預備80＋RS70＋市場改善,pre80_rs70_market,一般70／領頭90,profit70_90,寬限10日→MA20或右側確認,grace10_combo,3756,1.013,-0.585,47.31,-9.827,-13.323,-4.125,-4.31,11.0,67.28,32.72,0.0,70.8,44.4,57.78,35.38,4,25.0,-1.21,5.522,2.542,62.54,-17.921,-8.506,-6.107,-1.529,-15.23,8.094,4.196,46.47,7
預備80＋RS70＋市場改善,pre80_rs70_market,一般70／領頭90,profit70_90,緊急-8%＋第10日後MA20/右側,hybrid_emergency8_grace10,3756,0.884,-0.807,45.69,-9.476,-10.751,-4.125,-4.219,11.0,68.4,31.6,0.0,70.3,43.99,58.08,36.43,4,25.0,-1.7,5.522,2.542,62.54,-17.921,-8.506,-6.329,-1.658,-16.85,8.445,4.287,46.36,8
預備80＋RS70＋市場改善,pre80_rs70_market,一般70／領頭90,profit70_90,寬限10日→右側回落15分,grace10_right15,3756,1.032,-0.585,47.63,-9.899,-13.509,-4.136,-4.357,11.0,67.04,32.96,0.0,70.57,44.52,57.82,35.15,4,25.0,-1.085,5.522,2.542,62.54,-17.921,-8.506,-6.107,-1.51,-14.91,8.022,4.149,46.0,9
預備80＋RS70＋市場改善,pre80_rs70_market,一般70／領頭90,profit70_90,右側自高點回落15分,right_drop15,3756,0.3,-0.951,41.16,-7.539,-9.877,-2.821,-2.518,5.0,76.57,23.43,0.0,79.9,51.11,60.36,43.22,4,0.0,-1.423,5.522,2.542,62.54,-17.921,-8.506,-6.473,-2.242,-21.38,10.382,5.988,45.21,10
預備80＋RS70＋市場改善,pre80_rs70_market,一般70／領頭90,profit70_90,右側自高點回落20分,right_drop20,3756,0.325,-0.996,41.51,-7.966,-10.312,-2.988,-2.823,5.0,75.11,24.89,0.0,78.13,49.77,60.69,42.11,4,0.0,-1.454,5.522,2.542,62.54,-17.921,-8.506,-6.518,-2.217,-21.03,9.955,5.683,44.11,11
預備80＋RS70＋市場改善,pre80_rs70_market,一般70／領頭90,profit70_90,右側自高點回落10分,right_drop10,3756,0.187,-0.999,39.43,-6.438,-8.192,-2.561,-1.905,3.0,79.34,20.66,0.0,82.65,52.58,59.23,45.2,4,0.0,-1.458,5.522,2.542,62.54,-17.921,-8.506,-6.521,-2.355,-23.11,11.483,6.601,43.85,12
預備80＋RS70＋市場改善,pre80_rs70_market,一般70／領頭90,profit70_90,收盤跌幅達-3%,hard3,3756,0.837,-3.575,34.53,-6.472,-7.815,-3.952,-3.464,5.0,64.3,30.91,4.79,65.13,38.47,60.29,39.83,4,0.0,-3.828,5.522,2.542,62.54,-17.921,-8.506,-9.097,-1.705,-28.01,11.449,5.042,42.33,13
預備80＋RS70＋市場改善,pre80_rs70_market,一般70／領頭90,profit70_90,收盤跌破訊號日低點,signal_low,3756,0.666,-2.077,32.22,-6.807,-8.531,-2.947,-2.37,4.0,68.61,28.3,3.09,73.77,41.75,58.01,41.13,4,0.0,-2.668,5.522,2.542,62.54,-17.921,-8.506,-7.599,-1.876,-30.32,11.114,6.136,41.54,14
預備80＋RS70＋市場改善,pre80_rs70_market,一般70／領頭90,profit70_90,連續3日跌破MA20,ma20_3,3756,0.888,-1.481,40.47,-8.923,-11.381,-3.893,-3.892,7.0,66.21,33.6,0.19,68.96,39.93,56.49,34.62,4,0.0,-2.297,5.522,2.542,62.54,-17.921,-8.506,-7.003,-1.654,-22.07,8.998,4.614,40.94,15
預備80＋RS70＋市場改善,pre80_rs70_market,一般70／領頭90,profit70_90,連續2日跌破MA20,ma20_2,3756,0.67,-1.563,38.6,-8.061,-10.357,-3.416,-3.256,6.0,69.09,30.8,0.11,72.22,42.81,57.07,37.23,4,0.0,-2.141,5.522,2.542,62.54,-17.921,-8.506,-7.085,-1.872,-23.94,9.86,5.25,39.91,16
預備80＋RS70＋市場改善,pre80_rs70_market,一般70／領頭90,profit70_90,寬限5日→連2日跌破MA20,grace5_ma20_2,3756,0.832,-1.497,41.13,-8.961,-11.435,-3.89,-4.207,7.0,66.61,33.28,0.11,69.3,40.73,57.51,34.89,4,0.0,-2.118,5.522,2.542,62.54,-17.921,-8.506,-7.019,-1.71,-21.41,8.96,4.299,38.96,17
預備80＋RS70＋市場改善,pre80_rs70_market,一般70／領頭90,profit70_90,寬限10日→連2日跌破MA20,grace10_ma20_2,3756,1.212,-1.117,44.94,-10.194,-13.546,-4.364,-5.079,11.0,62.62,37.22,0.16,64.58,37.63,55.74,30.82,4,0.0,-1.899,5.522,2.542,62.54,-17.921,-8.506,-6.639,-1.33,-17.6,7.727,3.427,38.24,18
預備80＋RS70＋市場改善,pre80_rs70_market,一般80／領頭90,profit80_90,無失敗停損,none,3756,2.64,5.49,61.55,-18.104,-24.213,-7.232,-8.888,49.0,0.0,53.78,46.22,,,,,4,75.0,-0.585,5.49,2.64,61.55,-18.104,-8.888,0.0,0.0,0.0,0.0,0.0,54.86,1
預備80＋RS70＋市場改善,pre80_rs70_market,一般80／領頭90,profit80_90,第15日仍未曾+5%,no_launch15_5,3756,1.866,0.38,51.46,-13.411,-17.597,-5.676,-5.959,15.0,40.79,42.68,16.53,61.29,33.81,54.24,27.22,4,50.0,-1.429,5.49,2.64,61.55,-18.104,-8.888,-5.11,-0.774,-10.09,4.693,2.929,51.86,2
預備80＋RS70＋市場改善,pre80_rs70_market,一般80／領頭90,profit80_90,收盤跌幅達-8%,hard8,3756,1.647,-0.284,49.65,-10.884,-12.351,-7.232,-7.343,13.0,44.01,43.21,12.78,35.81,21.48,60.68,24.02,4,25.0,-7.455,5.49,2.64,61.55,-18.104,-8.888,-5.774,-0.993,-11.9,7.22,1.545,51.72,3
預備80＋RS70＋市場改善,pre80_rs70_market,一般80／領頭90,profit80_90,第10日仍未曾+3%,no_launch10_3,3756,1.858,0.328,51.2,-13.797,-19.111,-5.494,-5.528,10.0,34.37,43.48,22.15,63.83,34.24,55.38,29.98,4,50.0,-1.673,5.49,2.64,61.55,-18.104,-8.888,-5.162,-0.782,-10.35,4.307,3.36,50.29,4
預備80＋RS70＋市場改善,pre80_rs70_market,一般80／領頭90,profit80_90,收盤跌幅達-5%,hard5,3756,1.308,-4.871,41.72,-8.373,-9.755,-5.66,-5.367,8.0,55.27,36.5,8.23,51.2,30.15,60.12,31.26,4,25.0,-5.62,5.49,2.64,61.55,-18.104,-8.888,-10.361,-1.332,-19.83,9.731,3.521,49.27,5
預備80＋RS70＋市場改善,pre80_rs70_market,一般80／領頭90,profit80_90,收盤跌幅達-7%,hard7,3756,1.586,-1.734,47.58,-10.061,-11.474,-7.116,-6.722,12.0,47.12,41.59,11.29,40.9,23.45,60.9,25.88,4,25.0,-7.078,5.49,2.64,61.55,-18.104,-8.888,-7.224,-1.054,-13.97,8.043,2.166,48.03,6
預備80＋RS70＋市場改善,pre80_rs70_market,一般80／領頭90,profit80_90,寬限10日→MA20或右側確認,grace10_combo,3756,1.05,-0.585,46.73,-9.834,-13.355,-4.155,-4.479,11.0,68.98,31.02,0.0,71.17,44.77,57.58,33.0,4,25.0,-1.411,5.49,2.64,61.55,-18.104,-8.888,-6.075,-1.59,-14.82,8.27,4.409,47.51,7
預備80＋RS70＋市場改善,pre80_rs70_market,一般80／領頭90,profit80_90,寬限10日→右側回落15分,grace10_right15,3756,1.069,-0.585,47.02,-9.962,-13.546,-4.167,-4.532,11.0,68.77,31.23,0.0,70.96,44.87,57.61,32.79,4,25.0,-1.332,5.49,2.64,61.55,-18.104,-8.888,-6.075,-1.571,-14.53,8.142,4.356,47.42,8
預備80＋RS70＋市場改善,pre80_rs70_market,一般80／領頭90,profit80_90,右側自高點回落15分,right_drop15,3756,0.315,-0.989,40.84,-7.544,-9.877,-2.834,-2.621,5.0,78.14,21.86,0.0,80.17,51.48,60.27,40.85,4,0.0,-1.46,5.49,2.64,61.55,-18.104,-8.888,-6.479,-2.325,-20.71,10.56,6.267,46.13,9
預備80＋RS70＋市場改善,pre80_rs70_market,一般80／領頭90,profit80_90,右側自高點回落10分,right_drop10,3756,0.202,-1.029,39.14,-6.484,-8.199,-2.58,-1.995,4.0,80.83,19.17,0.0,82.84,52.9,59.26,42.82,4,0.0,-1.489,5.49,2.64,61.55,-18.104,-8.888,-6.519,-2.438,-22.41,11.62,6.893,44.96,10
預備80＋RS70＋市場改善,pre80_rs70_market,一般80／領頭90,profit80_90,右側自高點回落20分,right_drop20,3756,0.342,-1.047,41.16,-7.979,-10.312,-3.011,-2.975,5.0,76.73,23.27,0.0,78.38,50.17,60.58,39.76,4,0.0,-1.481,5.49,2.64,61.55,-18.104,-8.888,-6.537,-2.298,-20.39,10.125,5.913,44.93,11
預備80＋RS70＋市場改善,pre80_rs70_market,一般80／領頭90,profit80_90,收盤跌幅達-3%,hard3,3756,0.896,-3.6,33.65,-6.507,-7.867,-3.983,-3.617,5.0,65.26,29.37,5.38,65.2,38.19,60.3,37.41,4,0.0,-3.838,5.49,2.64,61.55,-18.104,-8.888,-9.09,-1.744,-27.9,11.597,5.271,43.38,12
預備80＋RS70＋市場改善,pre80_rs70_market,一般80／領頭90,profit80_90,緊急-8%＋第10日後MA20/右側,hybrid_emergency8_grace10,3756,0.921,-0.939,45.1,-9.494,-10.764,-4.155,-4.388,11.0,70.1,29.9,0.0,70.64,44.4,57.88,34.07,4,0.0,-1.816,5.49,2.64,61.55,-18.104,-8.888,-6.429,-1.719,-16.45,8.61,4.5,41.98,13
預備80＋RS70＋市場改善,pre80_rs70_market,一般80／領頭90,profit80_90,收盤跌破訊號日低點,signal_low,3756,0.716,-2.145,31.42,-6.904,-8.631,-3.003,-2.526,4.0,69.46,27.0,3.54,73.48,41.4,57.84,38.56,4,0.0,-2.762,5.49,2.64,61.55,-18.104,-8.888,-7.635,-1.924,-30.13,11.2,6.362,41.73,14
預備80＋RS70＋市場改善,pre80_rs70_market,一般80／領頭90,profit80_90,連續3日跌破MA20,ma20_3,3756,0.951,-1.577,39.91,-9.004,-11.4,-3.944,-4.167,7.0,67.68,32.08,0.24,69.24,40.05,56.45,32.06,4,0.0,-2.413,5.49,2.64,61.55,-18.104,-8.888,-7.067,-1.689,-21.64,9.1,4.721,41.17,15
預備80＋RS70＋市場改善,pre80_rs70_market,一般80／領頭90,profit80_90,連續2日跌破MA20,ma20_2,3756,0.711,-1.648,38.05,-8.072,-10.36,-3.448,-3.435,6.0,70.58,29.29,0.13,72.43,43.04,57.04,34.7,4,0.0,-2.258,5.49,2.64,61.55,-18.104,-8.888,-7.138,-1.929,-23.5,10.032,5.453,40.09,16
預備80＋RS70＋市場改善,pre80_rs70_market,一般80／領頭90,profit80_90,寬限10日→連2日跌破MA20,grace10_ma20_2,3756,1.255,-1.236,44.36,-10.201,-13.568,-4.413,-5.293,11.0,64.3,35.52,0.19,65.09,38.14,55.82,28.41,4,0.0,-2.181,5.49,2.64,61.55,-18.104,-8.888,-6.726,-1.385,-17.19,7.903,3.595,39.1,17
預備80＋RS70＋市場改善,pre80_rs70_market,一般80／領頭90,profit80_90,寬限5日→連2日跌破MA20,grace5_ma20_2,3756,0.867,-1.603,40.52,-8.988,-11.441,-3.941,-4.418,7.0,68.18,31.68,0.13,69.62,41.08,57.48,32.41,4,0.0,-2.317,5.49,2.64,61.55,-18.104,-8.888,-7.093,-1.773,-21.03,9.116,4.47,39.0,18
